epsilon_over_mass_per_kg,floquet_growth_per_tau,stable,mode_analysis_success,worst_b1_over_b0,worst_b2_over_b1,worst_b2_over_b0,max_abs_beta,pseudopotential_valid,classification,classification_label
1.0000000000000000e+08,0.0000000000000000e+00,True,True,1.3749676601094372e-16,0.0000000000000000e+00,5.7468029468403125e-17,5.4073112249189657e-10,True,2,Stable; pseudopotential valid
1.0579658153681195e+08,4.3918046109855950e-10,True,True,2.1959461418079834e-10,5.0003722801112849e-01,1.0980548216113967e-10,2.1906595623416699e-10,False,1,Stable; pseudopotential not valid
1.1192916664875297e+08,2.0398741887404562e-10,True,True,1.0199574866292423e-10,5.0003886180560508e-01,5.1001714120759534e-11,2.2532634632986713e-10,False,1,Stable; pseudopotential not valid
1.1841723205702157e+08,0.0000000000000000e+00,True,True,8.4318735623907133e-17,0.0000000000000000e+00,6.6966512003055821e-17,2.3176429300671200e-10,True,2,Stable; pseudopotential valid
1.2528138346684265e+08,1.5735235918607418e-10,True,True,7.8676616849635404e-11,5.0003841230392199e-01,3.9341330574935687e-11,2.3838697672021903e-10,False,1,Stable; pseudopotential not valid
1.3254342100994422e+08,1.8561773658803410e-10,True,True,9.2809669094988740e-11,5.0003649965197039e-01,4.6408222068115822e-11,2.4519869922402475e-10,False,1,Stable; pseudopotential not valid
1.4022640848046556e+08,3.7749529942653635e-10,True,True,1.8875191309906404e-10,5.0003811519195052e-01,9.4383150864930820e-11,2.5220516680041870e-10,False,1,Stable; pseudopotential not valid
1.4835474658417812e+08,2.8504010888225690e-10,True,True,1.4252493720140278e-10,5.0003813356828108e-01,7.1267903585125917e-11,2.5941184175176264e-10,False,1,Stable; pseudopotential not valid
1.5695425043366075e+08,5.2685181504153838e-11,True,True,2.6344034153981676e-11,5.0003905885886435e-01,1.3173046044902776e-11,2.6682444493407532e-10,False,1,Stable; pseudopotential not valid
1.6605223153553990e+08,4.9733252126601299e-10,True,True,2.4867343818280021e-10,5.0003782908927308e-01,1.2434612618109296e-10,2.7444886067503377e-10,False,1,Stable; pseudopotential not valid
1.7567758453019324e+08,0.0000000000000000e+00,True,True,1.1743512355366589e-16,0.0000000000000000e+00,7.6158451114723097e-17,6.8166692086738502e-10,True,2,Stable; pseudopotential valid
1.8586087895938760e+08,0.0000000000000000e+00,True,True,8.4318735623907133e-17,0.0000000000000000e+00,9.6254786542092106e-17,7.2144750987685710e-10,True,2,Stable; pseudopotential valid
1.9663445635330305e+08,5.4775491473337350e-10,True,True,2.7388396044804574e-10,5.0003779423409023e-01,1.3695233145853763e-10,2.9865437762987910e-10,False,1,Stable; pseudopotential not valid
2.0803253294528916e+08,1.2763643681046313e-10,True,True,6.3820391580911436e-11,5.0003874450135233e-01,3.1912613605040101e-11,3.0718832263056816e-10,False,1,Stable; pseudopotential not valid
2.2009130834055802e+08,0.0000000000000000e+00,True,True,1.8291529666648008e-16,0.0000000000000000e+00,8.6054411419826476e-17,4.1353111936333453e-10,True,2,Stable; pseudopotential valid
2.3284908048395464e+08,2.1788432245304442e-10,True,True,1.0894455352936756e-10,5.0003767317682624e-01,5.4476252164262286e-11,3.2499494459386320e-10,False,1,Stable; pseudopotential not valid
2.4634636729192293e+08,2.3650731824763607e-10,True,True,1.1825586290401203e-10,5.0003863271948612e-01,5.9132499997585178e-11,3.3428135604111826e-10,False,1,Stable; pseudopotential not valid
2.6062603533497348e+08,2.5802447744095129e-10,True,True,1.2901527183806634e-10,5.0003799355337097e-01,6.4512537667649425e-11,3.4383332956281813e-10,False,1,Stable; pseudopotential not valid
2.7573343597932553e+08,0.0000000000000000e+00,True,True,1.0834644204823137e-16,0.0000000000000000e+00,8.3932434821104486e-17,6.1361045836828615e-10,True,2,Stable; pseudopotential valid
2.9171654942012030e+08,0.0000000000000000e+00,True,True,1.5459977412294958e-16,0.0000000000000000e+00,1.9105819539362645e-16,3.6376390886149992e-10,True,2,Stable; pseudopotential valid
3.0862613706363058e+08,0.0000000000000000e+00,True,True,1.1042981148086361e-16,0.0000000000000000e+00,5.4603252412124459e-17,3.7415833607899926e-10,True,2,Stable; pseudopotential valid
3.2651590274243695e+08,2.3191325439011754e-10,True,True,1.1595916995366825e-10,5.0003838634679088e-01,5.7984036225745544e-11,3.8484978044016139e-10,False,1,Stable; pseudopotential not valid
3.4544266327555990e+08,3.5150896616585715e-10,True,True,1.7575934005895205e-10,5.0003778151743972e-01,8.7886310484047647e-11,3.9584672910659437e-10,False,1,Stable; pseudopotential not valid
3.6546652891526240e+08,0.0000000000000000e+00,True,True,8.8974825037729061e-17,0.0000000000000000e+00,5.1741052251111499e-17,4.0715791175760770e-10,True,2,Stable; pseudopotential valid
3.8665109425359040e+08,4.9157465711661430e-10,True,True,2.4579313591815910e-10,5.0003759806683856e-01,1.2290580930583227e-10,4.1879230752006327e-10,False,1,Stable; pseudopotential not valid
4.0906364019497538e+08,0.0000000000000000e+00,True,True,9.5451661995186927e-17,0.0000000000000000e+00,1.1770346662308088e-16,4.3075915209621697e-10,True,2,Stable; pseudopotential valid
4.3277534763632816e+08,0.0000000000000000e+00,True,True,8.4318735623907133e-17,0.0000000000000000e+00,7.7288804064635102e-17,4.4306794509534642e-10,True,2,Stable; pseudopotential valid
4.5786152353328931e+08,8.9491832378480595e-10,True,True,4.4747105823296362e-10,5.0003729653188900e-01,2.2375221823507460e-10,4.5572845757476807e-10,False,1,Stable; pseudopotential not valid
4.8440184007058579e+08,0.0000000000000000e+00,True,True,1.2481242405377232e-16,0.0000000000000000e+00,6.4052054558965667e-17,4.6875073979629111e-10,True,2,Stable; pseudopotential valid
5.1248058769609261e+08,2.7967345295449460e-10,True,True,1.3984111176081659e-10,5.0003814314292405e-01,6.9925889859920831e-11,4.8214512920454027e-10,False,1,Stable; pseudopotential not valid
5.4218694282222962e+08,8.2789018374514728e-10,True,True,4.1395673088290834e-10,5.0003740117590978e-01,2.0699379190338186e-10,4.9592230435799091e-10,False,1,Stable; pseudopotential not valid
5.7361525104486811e+08,5.1540994589877872e-10,True,True,2.5770971575538894e-10,5.0003739289564264e-01,1.2886449439020180e-10,5.1009306474464981e-10,False,1,Stable; pseudopotential not valid
6.0686532677927244e+08,1.6369381978577104e-10,True,True,8.1849251432256174e-11,5.0003812581053919e-01,4.0927746285180965e-11,5.2466879668460441e-10,False,1,Stable; pseudopotential not valid
6.4204277026467061e+08,6.5640117818781314e-10,True,True,3.2820941605924171e-10,5.0003792541434855e-01,1.6411715550771797e-10,5.3966102515620075e-10,False,1,Stable; pseudopotential not valid
6.7925930294426847e+08,9.3288156571174407e-10,True,True,4.6645209247419780e-10,5.0003793995008106e-01,2.3324374340620256e-10,5.5508165131358124e-10,False,1,Stable; pseudopotential not valid
7.1863312228581333e+08,1.0890677917364419e-09,True,True,5.4454671943589003e-10,5.0003793724806955e-01,2.7229401832192575e-10,5.7094291650176114e-10,False,1,Stable; pseudopotential not valid
7.6028927716964805e+08,7.6580957318400844e-10,True,True,3.8291580979057271e-10,5.0003790431115003e-01,1.9147241905528492e-10,5.8725741182785609e-10,False,1,Stable; pseudopotential not valid
8.0436006503642488e+08,3.1271058119004381e-10,True,True,1.5635815407217849e-10,5.0003835297621468e-01,7.8184993885012494e-11,6.0403808818531099e-10,False,1,Stable; pseudopotential not valid
8.5098545205581129e+08,4.5894570008316208e-10,True,True,2.2947887299158202e-10,5.0003780967349720e-01,1.1474811301705333e-10,6.2129827331520420e-10,False,1,Stable; pseudopotential not valid
9.0031351765063417e+08,9.8293833668085752e-10,True,True,4.9148116226557050e-10,5.0003778944517308e-01,2.4575915393322026e-10,6.3905164848036818e-10,False,1,Stable; pseudopotential not valid
9.5250092478819287e+08,6.5420376830241033e-10,True,True,3.2710966473911409e-10,5.0003772853444695e-01,1.6356717373781106e-10,6.5731604655421945e-10,False,1,Stable; pseudopotential not valid
1.0077134175324283e+09,0.0000000000000000e+00,True,True,3.4780488752030907e-15,0.0000000000000000e+00,1.7699645170949235e-15,6.7609479834725102e-10,True,2,Stable; pseudopotential valid
1.0661263474370854e+09,0.0000000000000000e+00,True,True,8.4318735623907133e-17,0.0000000000000000e+00,5.4672783043313004e-17,5.7872628704432190e-09,True,2,Stable; pseudopotential valid
1.1279252304517109e+09,6.1164943100789476e-10,True,True,3.0583163004576427e-10,5.0003780887300875e-01,1.5292737554642484e-10,7.1528492318499301e-10,False,1,Stable; pseudopotential not valid
1.1933063361091185e+09,1.8373861493075160e-09,True,True,9.1871519232143491e-10,5.0003765017792490e-01,4.5939218595117066e-10,7.3572421004947580e-10,False,1,Stable; pseudopotential not valid
1.2624773108656266e+09,1.6918359104854374e-09,True,True,8.4593839468434360e-10,5.0003742055600764e-01,4.2300085282724910e-10,7.5674727354539282e-10,False,1,Stable; pseudopotential not valid
1.3356578375737035e+09,0.0000000000000000e+00,True,True,8.4318735623907133e-17,0.0000000000000000e+00,1.0356510673059186e-16,1.8661883345375554e-09,True,2,Stable; pseudopotential valid
1.4130803331814766e+09,1.8400887726232328e-09,True,True,9.2006843796236556e-10,5.0003756036092661e-01,4.6006877708378989e-10,8.0061274628404985e-10,False,1,Stable; pseudopotential not valid
1.4949906868749948e+09,0.0000000000000000e+00,True,True,9.3258630285610257e-17,0.0000000000000000e+00,7.5154646274736422e-17,8.2348997714153794e-10,True,2,Stable; pseudopotential valid
1.5816490410074489e+09,6.9039211939166942e-10,True,True,3.4520498224084025e-10,5.0003772161723725e-01,1.7261551281062861e-10,8.4702140470023242e-10,False,1,Stable; pseudopotential not valid
1.6733306172956498e+09,5.7359176190827214e-10,True,True,2.8680410736999293e-10,5.0003761935318303e-01,1.4341284307000597e-10,8.7122424502445198e-10,False,1,Stable; pseudopotential not valid
1.7703265909076235e+09,0.0000000000000000e+00,True,True,2.2549376201332834e-16,0.0000000000000000e+00,1.7953498163916973e-16,8.9611917499943354e-10,True,2,Stable; pseudopotential valid
1.8729450152174470e+09,5.8424775093568130e-10,True,True,2.9213036916519438e-10,5.0003775490772961e-01,1.4607621393773005e-10,9.2172564614491694e-10,False,1,Stable; pseudopotential not valid
1.9815118001641812e+09,7.6942134039257557e-10,True,True,3.8472084399524649e-10,5.0003816197170792e-01,1.9237500311152385e-10,9.4806317319304950e-10,False,1,Stable; pseudopotential not valid
2.0963717473222482e+09,9.0264480991117220e-10,True,True,4.5133348035718137e-10,5.0003798126906018e-01,2.2568388239694399e-10,9.7515403719800849e-10,False,1,Stable; pseudopotential not valid
2.2178896449704623e+09,1.9960936359080893e-09,True,True,9.9807181319743651e-10,5.0003758565223622e-01,4.9907341977879582e-10,1.0030187247565137e-09,False,1,Stable; pseudopotential not valid
2.3464514266376843e+09,1.6831789354413390e-09,True,True,8.4161007254770311e-10,5.0003752591899042e-01,4.2083661846525546e-10,1.0316796360737026e-09,False,1,Stable; pseudopotential not valid
2.4824653968044248e+09,1.2700311039871532e-09,True,True,6.3503245695679397e-10,5.0003756113618703e-01,3.1754008101899590e-10,1.0611595229665460e-09,False,1,Stable; pseudopotential not valid
2.6263635276533356e+09,0.0000000000000000e+00,True,True,1.3149926159053351e-16,0.0000000000000000e+00,7.8009596042747451e-17,1.0914817873767776e-09,True,2,Stable; pseudopotential valid
2.7786028309868402e+09,0.0000000000000000e+00,True,True,1.6410511229592172e-16,0.0000000000000000e+00,7.1512664005676972e-17,1.1226704999509428e-09,True,2,Stable; pseudopotential valid
2.9396668096691570e+09,1.4562768226838214e-09,True,True,7.2815734493385342e-10,5.0003771182240575e-01,3.6410613260740230e-10,1.1547504191421804e-09,False,1,Stable; pseudopotential not valid
3.1100669932022285e+09,0.0000000000000000e+00,True,True,1.2384425672755966e-16,0.0000000000000000e+00,6.3625460042624104e-17,2.2449897623958694e-09,True,2,Stable; pseudopotential valid
3.2903445623126712e+09,1.0436031056180926e-09,True,True,5.2181526583016277e-10,5.0003788659819948e-01,2.6092729637742037e-10,1.2216871393967343e-09,False,1,Stable; pseudopotential not valid
3.4810720677091832e+09,0.0000000000000000e+00,True,True,1.8508154057919946e-16,0.0000000000000000e+00,8.3620327708682090e-17,1.2565957348064806e-09,True,2,Stable; pseudopotential valid
3.6828552484691162e+09,1.3996071132035841e-09,True,True,6.9982107032010316e-10,5.0003762410497687e-01,3.4993686530146631e-10,1.2925025210188155e-09,False,1,Stable; pseudopotential not valid
3.8963349558293867e+09,1.3428077784407863e-09,True,True,6.7141931790833508e-10,5.0003763636691823e-01,3.3573492873797233e-10,1.3294353311626305e-09,False,1,Stable; pseudopotential not valid
4.1221891884913425e+09,1.2824387304657667e-09,True,True,6.4123552917740889e-10,5.0003772328015916e-01,3.2064195341640559e-10,1.3674240635360380e-09,False,1,Stable; pseudopotential not valid
4.3611352459038897e+09,1.6093895724600700e-09,True,True,8.0471485671051895e-10,5.0003769711241008e-01,4.0238776378167097e-10,1.4064971341126645e-09,False,1,Stable; pseudopotential not valid
4.6139320063633337e+09,1.0358691275219227e-09,True,True,5.1794638516387170e-10,5.0003786911009018e-01,2.5899280675061645e-10,1.4466873006904748e-09,False,1,Stable; pseudopotential not valid
4.8813823371652479e+09,0.0000000000000000e+00,True,True,1.6165326724065323e-16,0.0000000000000000e+00,8.9944914956587176e-17,1.4880258873044094e-09,True,2,Stable; pseudopotential valid
5.1643356444625683e+09,3.2862118428704945e-09,True,True,1.6431483483332720e-09,5.0003767769723484e-01,8.2163608421261639e-10,1.5305457096577151e-09,False,1,Stable; pseudopotential not valid
5.4636905709284830e+09,0.0000000000000000e+00,True,True,8.4318735623907133e-17,0.0000000000000000e+00,4.4314036632986626e-17,1.5742805211508948e-09,True,2,Stable; pseudopotential valid
5.7803978497914591e+09,0.0000000000000000e+00,True,True,2.5361987613519046e-16,0.0000000000000000e+00,1.3737962136815504e-16,2.5587065836598348e-09,True,2,Stable; pseudopotential valid
6.1154633243067198e+09,3.0578853375250148e-09,True,True,1.5289813621522268e-09,5.0003770742456255e-01,7.6454833502548434e-10,1.6655349751775498e-09,False,1,Stable; pseudopotential not valid
6.4699511422539892e+09,1.2763164454445283e-09,True,True,6.3817485544546426e-10,5.0003774644817711e-01,3.1911151655684110e-10,1.7131268801109475e-09,False,1,Stable; pseudopotential not valid
6.8449871356066380e+09,0.0000000000000000e+00,True,True,1.3266592288231729e-16,0.0000000000000000e+00,7.4086947336988926e-17,1.7620790680378417e-09,True,2,Stable; pseudopotential valid
7.2417623961063652e+09,0.0000000000000000e+00,True,True,1.7978193512913954e-16,0.0000000000000000e+00,6.4492198178605810e-17,2.1519228691105764e-09,True,2,Stable; pseudopotential valid
7.6615370580988255e+09,1.6159252589024012e-09,True,True,8.0798366675789800e-10,5.0003757455826048e-01,4.0402212632874558e-10,1.8642194498501747e-09,False,1,Stable; pseudopotential not valid
8.1056443006445866e+09,1.8456898000638552e-09,True,True,9.2286834743334855e-10,5.0003770355641342e-01,4.6146896913547391e-10,1.9174888396515874e-09,False,1,Stable; pseudopotential not valid
8.5754945816154003e+09,0.0000000000000000e+00,True,True,3.0981990929510737e-15,0.0000000000000000e+00,1.5823914713684185e-15,1.9722804165468418e-09,True,2,Stable; pseudopotential valid
9.0725801172236271e+09,0.0000000000000000e+00,True,True,1.3751960253586382e-16,0.0000000000000000e+00,5.7856524706816642e-17,2.2722659848782802e-09,True,2,Stable; pseudopotential valid
9.5984796212110825e+09,2.6561766907272206e-09,True,True,1.3281215265664553e-09,5.0003768704812890e-01,6.6411081626312031e-10,2.0866052590265657e-09,False,1,Stable; pseudopotential not valid
1.0154863318748821e+10,1.0235615824873527e-09,True,True,5.1179338589488900e-10,5.0003775443925169e-01,2.5591601541974165e-10,2.1462292788048473e-09,False,1,Stable; pseudopotential not valid
1.0743498250971903e+10,0.0000000000000000e+00,True,True,3.0989158209551749e-16,0.0000000000000000e+00,2.0708783507738935e-16,2.2075570342174440e-09,True,2,Stable; pseudopotential valid
1.1366253886995455e+10,4.1458178021506772e-09,True,True,2.0729612025873310e-09,5.0003773156855658e-01,1.0365587456209505e-09,2.2706370901527360e-09,False,1,Stable; pseudopotential not valid
1.2025108061236155e+10,2.6853931244280172e-09,True,True,1.3427308213791133e-09,5.0003747146058364e-01,6.7141572477460448e-10,2.3355198776774891e-09,False,1,Stable; pseudopotential not valid
1.2722153254895452e+10,0.0000000000000000e+00,True,True,1.2153619421532979e-16,0.0000000000000000e+00,9.6108961091733967e-17,2.4022565461378152e-09,True,2,Stable; pseudopotential valid
1.3459603241553642e+10,2.7546646859714436e-09,True,True,1.3773677565797063e-09,5.0003761832727045e-01,6.8873569256089190e-10,2.4709001916955214e-09,False,1,Stable; pseudopotential not valid
1.4239800117981684e+10,0.0000000000000000e+00,True,True,8.4318735623907133e-17,0.0000000000000000e+00,1.1525736361660597e-16,2.5415053055580846e-09,True,2,Stable; pseudopotential valid
1.5065221742499535e+10,2.3669128073827203e-09,True,True,1.1834865099800145e-09,5.0003760509993489e-01,5.9178776011848662e-10,2.6141279360003798e-09,False,1,Stable; pseudopotential not valid
1.5938489604505041e+10,1.8410157982890299e-09,True,True,9.2053200010193351e-10,5.0003764539476425e-01,4.6030065384150375e-10,2.6888257328572050e-09,False,1,Stable; pseudopotential not valid
1.6862377150166403e+10,3.6693505732035901e-09,True,True,1.8347213469103649e-09,5.0003768456830699e-01,9.1742981413710443e-10,2.7656579932872229e-09,False,1,Stable; pseudopotential not valid
1.7839818590720543e+10,6.0212069611195578e-09,True,True,3.0106798625295075e-09,5.0003769869368830e-01,1.5054534299626848e-09,2.8446857088450070e-09,False,1,Stable; pseudopotential not valid
1.8873918221350994e+10,2.2180624252882998e-09,True,True,1.1090596927323500e-09,5.0003772798122403e-01,5.5457168894943870e-10,2.9259716138974665e-09,False,1,Stable; pseudopotential not valid
1.9967960280242733e+10,2.7725249846116482e-09,True,True,1.3862974343939848e-09,5.0003761551418091e-01,6.9320086348779480e-10,3.0095802354242462e-09,False,1,Stable; pseudopotential not valid
2.1125419379125225e+10,3.6589942632060023e-09,True,True,1.8295429712983299e-09,5.0003761263985724e-01,9.1484029959004764e-10,3.0955779442410114e-09,False,1,Stable; pseudopotential not valid
2.2349971538429688e+10,4.9626945625708993e-09,True,True,2.4814080113529325e-09,5.0003765818356982e-01,1.2407974509948695e-09,3.1840319500520255e-09,False,1,Stable; pseudopotential not valid
2.3645505862109028e+10,3.1116360750099103e-09,True,True,1.5558571663455389e-09,5.0003767366104090e-01,7.7798719800828232e-10,3.2750156438145096e-09,False,1,Stable; pseudopotential not valid
2.5016136889197826e+10,2.4879769451017567e-09,True,True,1.2440188317677921e-09,5.0003768568673279e-01,6.2205629758787969e-10,3.3685980771359345e-09,False,1,Stable; pseudopotential not valid
2.6466217661340668e+10,3.6224433999036728e-09,True,True,1.8112676685640395e-09,5.0003762286109266e-01,9.0570197935391581e-10,3.4648545959515112e-09,False,1,Stable; pseudopotential not valid
2.8000353547790291e+10,3.1563633669070430e-09,True,True,1.5782215974448052e-09,5.0003755095256630e-01,7.8917002411203669e-10,3.5638615165715778e-09,False,1,Stable; pseudopotential not valid
2.9623416871783569e+10,8.2679649797793021e-11,True,True,4.1340734959066877e-11,5.0004453764268963e-01,2.0672208698415571e-11,3.6656977179980575e-09,False,1,Stable; pseudopotential not valid
3.1340562384746208e+10,2.9047795149867618e-09,True,True,1.4524270165437518e-09,5.0003766306679487e-01,7.2626821112761458e-10,3.7704437554840346e-09,False,1,Stable; pseudopotential not valid
3.3157243637473301e+10,2.6656615287820130e-09,True,True,1.3328647917709276e-09,5.0003767098726615e-01,6.6648231859912998e-10,3.8781828748395832e-09,False,1,Stable; pseudopotential not valid
3.5079230300278831e+10,2.6219214809809257e-09,True,True,1.3109939836670525e-09,5.0003760882532056e-01,6.5554624603882914e-10,3.9890006020704368e-09,False,1,Stable; pseudopotential not valid
3.7112626487120537e+10,2.5743345169782360e-09,True,True,1.2872001856592228e-09,5.0003768937821358e-01,6.4364860660424528e-10,4.1029849073261986e-09,False,1,Stable; pseudopotential not valid
3.9263890141898941e+10,3.1507502533818131e-09,True,True,1.5754148748450241e-09,5.0003790228406808e-01,7.8776714924462361e-10,4.2202259565779065e-09,False,1,Stable; pseudopotential not valid
4.1539853548498383e+10,0.0000000000000000e+00,True,True,1.0621065089322328e-15,0.0000000000000000e+00,6.2804436984187298e-16,4.3408177729077650e-09,True,2,Stable; pseudopotential valid
4.3947745029709183e+10,2.0835015684249479e-09,True,True,1.0417774091820449e-09,5.0003763371919085e-01,5.2092791054949885e-10,4.4648551315109523e-09,False,1,Stable; pseudopotential not valid
4.6495211903946495e+10,2.2837188978294414e-09,True,True,1.1418880223630000e-09,5.0003756437225111e-01,5.7098666440842797e-10,4.5924368117405890e-09,False,1,Stable; pseudopotential not valid
4.9190344772672241e+10,2.6518481678788178e-09,True,True,1.3259576899424538e-09,5.0003771011613307e-01,6.6302884698970206e-10,4.7236640997097591e-09,False,1,Stable; pseudopotential not valid
5.2041703215659103e+10,3.4372916519150719e-09,True,True,1.7186889264232261e-09,5.0003773724158018e-01,8.5940926629360177e-10,4.8586411548941171e-09,False,1,Stable; pseudopotential not valid
5.5058342975700241e+10,3.3798951507110279e-09,True,True,1.6899904183647314e-09,5.0003748683692695e-01,8.4505856157758715e-10,4.9974751407745159e-09,False,1,Stable; pseudopotential not valid
5.8249844719104279e+10,3.4381858825238566e-09,True,True,1.7191369122433937e-09,5.0003767663543286e-01,8.5963322741639863e-10,5.1402762553341093e-09,False,1,Stable; pseudopotential not valid
6.1626344463313499e+10,3.2510462170934809e-09,True,True,1.6255642487760881e-09,5.0003768105620561e-01,8.1284326314372267e-10,5.2871578620914296e-09,False,1,Stable; pseudopotential not valid
6.5198565768286057e+10,0.0000000000000000e+00,True,True,1.4631526918580507e-15,0.0000000000000000e+00,6.1657218140864849e-16,5.4382365596920163e-09,True,2,Stable; pseudopotential valid
6.8977853793876724e+10,3.8911361614695667e-09,True,True,1.9456161573138195e-09,5.0003762518447714e-01,9.7288128282375015e-10,5.5936322785474072e-09,False,1,Stable; pseudopotential not valid
7.2976211331381424e+10,3.9221090386884643e-09,True,True,1.9611040310468994e-09,5.0003767945464117e-01,9.8062589215651388e-10,5.7534683760392659e-09,False,1,Stable; pseudopotential not valid
7.7206336923681137e+10,5.2191951262476630e-09,True,True,2.6096632406857375e-09,5.0003770101254708e-01,1.3049300072894495e-09,5.9178714798153579e-09,False,1,Stable; pseudopotential not valid
8.1681665195048065e+10,4.3216207687815044e-09,True,True,2.1608652268311524e-09,5.0003765669701672e-01,1.0805138618385523e-09,6.0869727024175071e-09,False,1,Stable; pseudopotential not valid
8.6416409518704407e+10,1.6004164502799817e-09,True,True,8.0022820578179125e-10,5.0003752100806687e-01,4.0014412825986011e-10,6.2609059947738617e-09,False,1,Stable; pseudopotential not valid
9.1425607157641434e+10,5.2634280889803335e-09,True,True,2.6317800892373940e-09,5.0003764913840731e-01,1.3159890710472933e-09,6.4398096013912903e-09,False,1,Stable; pseudopotential not valid
9.6725167022059494e+10,0.0000000000000000e+00,True,True,2.0011202778176380e-15,0.0000000000000000e+00,9.4180097310610672e-17,6.6238245157040684e-09,True,2,Stable; pseudopotential valid
1.0233192019511070e+11,4.4184225041207161e-09,True,True,2.2092670777417816e-09,5.0003770420739846e-01,1.1047168375349884e-09,6.8130979981817331e-09,False,1,Stable; pseudopotential not valid
1.0826367338740562e+11,4.9615554292597421e-09,True,True,2.4808398295683471e-09,5.0003771211072368e-01,1.2405134724905139e-09,7.0077799046121440e-09,False,1,Stable; pseudopotential not valid
1.1453926549005437e+11,3.0448548878359424e-09,True,True,1.5224661197847702e-09,5.0003766008865036e-01,7.6129039068813749e-10,7.2080248682743202e-09,False,1,Stable; pseudopotential not valid
1.2117862740585037e+11,5.2997589990719236e-09,True,True,2.6499466525811949e-09,5.0003757024373385e-01,1.3250728854322167e-09,7.4139915807033272e-09,False,1,Stable; pseudopotential not valid
1.2820284534862004e+11,6.6820866305042564e-09,True,True,3.3411272902387514e-09,5.0003759747667342e-01,1.6706892630747333e-09,7.6258438123277007e-09,False,1,Stable; pseudopotential not valid
1.3563422781176572e+11,5.3014696427091141e-09,True,True,2.6508014064373462e-09,5.0003772286106529e-01,1.3255006423855016e-09,7.8437496478111786e-09,False,1,Stable; pseudopotential not valid
1.4349637641869940e+11,5.0917878327702071e-09,True,True,2.5459580587893759e-09,5.0003774823248448e-01,1.2730749758698182e-09,8.0678820667792159e-09,False,1,Stable; pseudopotential not valid
1.5181426088017990e+11,5.2181596790183408e-09,True,True,2.6091455553774210e-09,5.0003766724174459e-01,1.3046710570050916e-09,8.2984189916899488e-09,False,1,Stable; pseudopotential not valid
1.6061429829660791e+11,3.5677175044506281e-09,True,True,1.7839036507048184e-09,5.0003763708538407e-01,8.9201896628642770e-10,8.5355434290737437e-09,False,1,Stable; pseudopotential not valid
1.6992443705714914e+11,1.1727269107316520e-09,True,True,5.8637817492720535e-10,5.0003767581850933e-01,2.9321117974129905e-10,8.7794436148096046e-09,False,1,Stable; pseudopotential not valid
1.7977424560213550e+11,2.3579877469388169e-09,True,True,1.1790235567414540e-09,5.0003746944144190e-01,5.8955595572484498e-10,9.0303131717454056e-09,False,1,Stable; pseudopotential not valid
1.9019500633065182e+11,6.0265861271320282e-09,True,True,3.0133687172652801e-09,5.0003763675301860e-01,1.5067977720468057e-09,9.2883512224203397e-09,False,1,Stable; pseudopotential not valid
2.0121981495155188e+11,7.1884782090063390e-09,True,True,3.5943295039364332e-09,5.0003764653690586e-01,1.7973000660265383e-09,9.5537626291047447e-09,False,1,Stable; pseudopotential not valid
2.1288368559344070e+11,7.6401089058492713e-09,True,True,3.8201505402535141e-09,5.0003767409957400e-01,1.9102191908585981e-09,9.8267580744536781e-09,False,1,Stable; pseudopotential not valid
2.2522366200743488e+11,5.2012956715833024e-09,True,True,2.6007130910496423e-09,5.0003764674169460e-01,1.3004544538987816e-09,1.0107554271384210e-08,False,1,Stable; pseudopotential not valid
2.3827893521588858e+11,4.3452108011747830e-09,True,True,2.1726597617781095e-09,5.0003949307577145e-01,1.0864117395631203e-09,1.0396374119576034e-08,False,1,Stable; pseudopotential not valid
2.5209096798072488e+11,8.2688365574716936e-09,True,True,4.1345221174124664e-09,5.0003975220431329e-01,2.0674167490063477e-09,1.0693446894751931e-08,False,1,Stable; pseudopotential not valid
2.6670362648666608e+11,7.2191360696400855e-09,True,True,3.6096584609234213e-09,5.0003763862839112e-01,1.8049650930551404e-09,1.0999008421323736e-08,False,1,Stable; pseudopotential not valid
2.8216331965760004e+11,5.9676807006032901e-09,True,True,2.9839148821771250e-09,5.0003765208981399e-01,1.4920697917197034e-09,1.1313301262783981e-08,False,1,Stable; pseudopotential not valid
2.9851914654852820e+11,7.3031977745586163e-09,True,True,3.6516900262684093e-09,5.0003942579041749e-01,1.8259825564012771e-09,1.1636574913516279e-08,False,1,Stable; pseudopotential not valid
3.1582305228120746e+11,9.8706271777939111e-09,True,True,4.9354374464074666e-09,5.0003765917676080e-01,2.4679045674607201e-09,1.1969086306360819e-08,False,1,Stable; pseudopotential not valid
3.3412999301873584e+11,7.3330157567277787e-09,True,True,3.6666000700251672e-09,5.0003777690040119e-01,1.8334380129957995e-09,1.2311098469911329e-08,False,1,Stable; pseudopotential not valid
3.5349811050301093e+11,8.8162618111620100e-09,True,True,4.4082414562036856e-09,5.0003816399421386e-01,2.2042866554468460e-09,1.2662883823902960e-08,False,1,Stable; pseudopotential not valid
3.7398891670940753e+11,1.4790823891506629e-09,True,True,7.3956022950799614e-10,5.0003755571248054e-01,3.6980788946533950e-10,1.3024721325066874e-08,False,1,Stable; pseudopotential not valid
3.9566748920510645e+11,9.1061413733353939e-09,True,True,4.5531852351260351e-09,5.0003766869831123e-01,2.2767641301239947e-09,1.3396898209542506e-08,False,1,Stable; pseudopotential not valid
4.1860267783153705e+11,9.2235284339911052e-09,True,True,4.6118801755899101e-09,5.0003763495762332e-01,2.3061136557099272e-09,1.3779577673684840e-08,False,1,Stable; pseudopotential not valid
4.4286732336732031e+11,9.5961724579092726e-09,True,True,3.4865833871987204e-09,5.0003771207762437e-01,1.7434230394291410e-09,1.4173460337662329e-08,False,1,Stable; pseudopotential not valid
4.6853848886620361e+11,1.0533438213283053e-08,True,True,5.2668510520215614e-09,5.0003770691294414e-01,2.6336240998750212e-09,1.4578462087376896e-08,False,1,Stable; pseudopotential not valid
4.9569770440467969e+11,7.8733957301874444e-09,True,True,3.8300736408601933e-09,5.0003768362405077e-01,1.9151811108543897e-09,1.4995036522722611e-08,False,1,Stable; pseudopotential not valid
5.2443122601659985e+11,1.0499963300440592e-08,True,True,3.7103312377423587e-09,5.0003769637170048e-01,1.8553052784517015e-09,1.5423514477687636e-08,False,1,Stable; pseudopotential not valid
5.5483030963715454e+11,1.0993231551311723e-08,True,True,4.6226118972501288e-09,5.0003767208861849e-01,2.3114799672601359e-09,1.5864236041236953e-08,False,1,Stable; pseudopotential not valid
5.8699150092621838e+11,1.0893885939745831e-08,True,True,4.8013770331678850e-09,5.0003768782053160e-01,2.4008690960204104e-09,1.6317551070228799e-08,False,1,Stable; pseudopotential not valid
6.2101694189156030e+11,8.9557422056641124e-09,True,True,4.4779839836801561e-09,5.0003763930020284e-01,2.2391605400235431e-09,1.6783819418559529e-08,False,1,Stable; pseudopotential not valid
6.5701469528572070e+11,1.3426661546611531e-08,True,True,6.7134994474254358e-09,5.0003766046837628e-01,3.3570024725291799e-09,1.7263411222825502e-08,False,1,Stable; pseudopotential not valid
6.9509908780679407e+11,1.4223602708720392e-08,True,True,7.1119799865395964e-09,5.0003765435547876e-01,3.5562575793248199e-09,1.7756707196147612e-08,False,1,Stable; pseudopotential not valid
7.3539107319315088e+11,1.1259033041194608e-08,True,True,5.5781492098222346e-09,5.0003767072593952e-01,2.7892847378412502e-09,1.8264098930391728e-08,False,1,Stable; pseudopotential not valid
7.7801861636522827e+11,1.5310861352376303e-08,True,True,7.6556231696660560e-09,5.0003768801199033e-01,3.8280998551099562e-09,1.8785989120285435e-08,False,1,Stable; pseudopotential not valid
8.2311709983441479e+11,1.3222089974358944e-08,True,True,6.6112105885669906e-09,5.0003764947783569e-01,3.3058542029100166e-09,1.9322792316855898e-08,False,1,Stable; pseudopotential not valid
8.7082975366975488e+11,1.5116999061833688e-08,True,True,7.5586891097211608e-09,5.0003766061093036e-01,3.7796292197102845e-09,1.9874934388907131e-08,False,1,Stable; pseudopotential not valid
9.2130811038804089e+11,1.5817581786488794e-08,True,True,7.9089899434716151e-09,5.0003766602740729e-01,3.9547928719677819e-09,2.0442853728691194e-08,False,1,Stable; pseudopotential not valid
9.7471248621194507e+11,1.6150168838878988e-08,True,True,8.0752875579521448e-09,5.0003765506176101e-01,4.0379478544278046e-09,2.1027001166147982e-08,False,1,Stable; pseudopotential not valid
1.0312124902247031e+12,1.5774711304101776e-08,True,True,7.8875532861748713e-09,5.0003766807279859e-01,3.9440737520188219e-09,2.1627840413525984e-08,False,1,Stable; pseudopotential not valid
1.0909875630383668e+12,1.7015663595437133e-08,True,True,8.5080451878645212e-09,5.0003766924347026e-01,4.2543430855578978e-09,2.2245848433490102e-08,False,1,Stable; pseudopotential not valid
1.1542275466863635e+12,1.8035877978330579e-08,True,True,9.0181656951988849e-09,5.0003767223536688e-01,4.5094223766645780e-09,2.2881515817747558e-08,False,1,Stable; pseudopotential not valid
1.2211332875503826e+12,1.8730127576452382e-08,True,True,9.3652994443605177e-09,5.0003767992456927e-01,4.6830019749345715e-09,2.3535347176492940e-08,False,1,Stable; pseudopotential not valid
1.2919172742363928e+12,1.9656499411067115e-08,True,True,9.8284965098393066e-09,5.0003769091228079e-01,4.9146184727669350e-09,2.4207861538981817e-08,False,1,Stable; pseudopotential not valid
1.3668043124256636e+12,1.9417129608210032e-08,True,True,9.7088086911895981e-09,5.0003765649790777e-01,4.8547698242432721e-09,2.4899592765550135e-08,False,1,Stable; pseudopotential not valid
1.4460322388440732e+12,1.9344084569769002e-08,True,True,9.6722851913630189e-09,5.0003767418232026e-01,4.8365068526624592e-09,2.5611089971407383e-08,False,1,Stable; pseudopotential not valid
1.5298526766172571e+12,2.1080202459871064e-08,True,True,1.0540365802060827e-08,5.0003766698279650e-01,5.2705797441293583e-09,2.6342917962539326e-08,False,1,Stable; pseudopotential not valid
1.6185318344104697e+12,2.1714846552361425e-08,True,True,1.0857695675013073e-08,5.0003768572818996e-01,5.4292568547444071e-09,2.7095657684066256e-08,False,1,Stable; pseudopotential not valid
1.7123513518913308e+12,2.1111617079093853e-08,True,True,1.0556073274881614e-08,5.0003766401352956e-01,5.2784338962223600e-09,2.7869906681413353e-08,False,1,Stable; pseudopotential not valid
1.8116091942004133e+12,2.2758669398438018e-08,True,True,1.1379620899984024e-08,5.0003766719035114e-01,5.6902387627359998e-09,2.8666279574658607e-08,False,1,Stable; pseudopotential not valid
1.9166205982706221e+12,2.3417337628904327e-08,True,True,1.1708962775820979e-08,5.0003767372296748e-01,5.8549223648653532e-09,2.9485408546434914e-08,False,1,Stable; pseudopotential not valid
2.0277190740007117e+12,2.4399194858158773e-08,True,True,1.2199904003341554e-08,5.0003766576037290e-01,6.1004109454374565e-09,3.0327943843774184e-08,False,1,Stable; pseudopotential not valid
2.1452574634626509e+12,2.4247528423466808e-08,True,True,1.2124069233202046e-08,5.0003765892222296e-01,6.0624908195934173e-09,3.1194554294291168e-08,False,1,Stable; pseudopotential not valid
2.2696090615068071e+12,2.6498203519350855e-08,True,True,1.3249435099749286e-08,5.0003768277353244e-01,6.6252161355847897e-09,3.2085927837117103e-08,False,1,Stable; pseudopotential not valid
2.4011688013239116e+12,2.6359156606763384e-08,True,True,1.3179909645700173e-08,5.0003766099582148e-01,6.5904508001199383e-09,3.3002772069004778e-08,False,1,Stable; pseudopotential not valid
2.5403545087291421e+12,2.7091482441238910e-08,True,True,1.3546081904176977e-08,5.0003766400032967e-01,6.7735507446407190e-09,3.3945814806038192e-08,False,1,Stable; pseudopotential not valid
2.6876082291516943e+12,2.7440210088677024e-08,True,True,1.3720450552860920e-08,5.0003768180438168e-01,6.8607415883280462e-09,3.4915804661392763e-08,False,1,Stable; pseudopotential not valid
2.8433976315445400e+12,2.9091268318869436e-08,True,True,1.4545999488974076e-08,5.0003767263687149e-01,7.2735472425426747e-09,3.5913511639605318e-08,False,1,Stable; pseudopotential not valid
3.0082174936727988e+12,2.9893675825237594e-08,True,True,1.4947213170312458e-08,5.0003767165018953e-01,7.4741693919477382e-09,3.6939727747824380e-08,False,1,Stable; pseudopotential not valid
3.1825912734981836e+12,3.0311046547606914e-08,True,True,1.5155904508806474e-08,5.0003767550386458e-01,7.5785224519326632e-09,3.7995267624527490e-08,False,1,Stable; pseudopotential not valid
3.3670727716499673e+12,3.1316377801775512e-08,True,True,1.5658582379465589e-08,5.0003768142126759e-01,7.8298805604489724e-09,3.9080969186203350e-08,False,1,Stable; pseudopotential not valid
3.5622478902624512e+12,3.1342058233857018e-08,True,True,1.5671423169329008e-08,5.0003765654045496e-01,7.8363013092069006e-09,4.0197694292513149e-08,False,1,Stable; pseudopotential not valid
3.7687364937648774e+12,3.3335178915090864e-08,True,True,1.6668008743982433e-08,5.0003767615744721e-01,8.3346315479856472e-09,4.1346329430457995e-08,False,1,Stable; pseudopotential not valid
3.9871943775335303e+12,3.4205445870011681e-08,True,True,1.7103153667195078e-08,5.0003767303687896e-01,8.5522201826510151e-09,4.2527786418096958e-08,False,1,Stable; pseudopotential not valid
4.2183153506584424e+12,3.5096808732640054e-08,True,True,1.7548845728334942e-08,5.0003768203210619e-01,8.7750831687530365e-09,4.3743003128373244e-08,False,1,Stable; pseudopotential not valid
4.4628334394391953e+12,3.5966668077038415e-08,True,True,1.7983786278688271e-08,5.0003767216893868e-01,8.9925698435403820e-09,4.4992944233623069e-08,False,1,Stable; pseudopotential not valid
4.7215252186083975e+12,3.7187113983797164e-08,True,True,1.8594024602421726e-08,5.0003767313267411e-01,9.2977120987073706e-09,4.6278601971359519e-08,False,1,Stable; pseudopotential not valid
4.9952122776861719e+12,3.8371009167922289e-08,True,True,1.9185986946919092e-08,5.0003767552648737e-01,9.5937154976990566e-09,4.7600996931937395e-08,False,1,Stable; pseudopotential not valid
5.2847638302990918e+12,3.9610986213220499e-08,True,True,1.9805991251459947e-08,5.0003768144748295e-01,9.9037408110942959e-09,4.8961178868726038e-08,False,1,Stable; pseudopotential not valid
5.5910994747503242e+12,4.0534950660873690e-08,True,True,2.0267985974101407e-08,5.0003768911364432e-01,1.0134755418909947e-08,5.0360227531432447e-08,False,1,Stable; pseudopotential not valid
5.9151921146084912e+12,4.2151559109089288e-08,True,True,2.1076309019651176e-08,5.0003767648590547e-01,1.0538947813571770e-08,5.1799253523236085e-08,False,1,Stable; pseudopotential not valid
6.2580710485908174e+12,4.3427117848177358e-08,True,True,2.1714102760659100e-08,5.0003770265206759e-01,1.0857869553249805e-08,5.3279399429674358e-08,False,1,Stable; pseudopotential not valid
6.6208252395540059e+12,4.4038813914545594e-08,True,True,2.2019961307701459e-08,5.0003769203462189e-01,1.1010809128262487e-08,5.4801839489170224e-08,False,1,Stable; pseudopotential not valid
7.0046067729745791e+12,4.5948057223052929e-08,True,True,2.2974607198788739e-08,5.0003768037172147e-01,1.1488167876500529e-08,5.6367782998348007e-08,False,1,Stable; pseudopotential not valid
7.4106345159030723e+12,4.7276332290046520e-08,True,True,2.3638760950452904e-08,5.0003769308967150e-01,1.1820269926367093e-08,5.7978472798832673e-08,False,1,Stable; pseudopotential not valid
7.8401979880125225e+12,4.8451415534545597e-08,True,True,2.4226317644556643e-08,5.0003768214275157e-01,1.2114070409022371e-08,5.9635187500340398e-08,False,1,Stable; pseudopotential not valid
8.2946614570351582e+12,4.9520556281741444e-08,True,True,2.4760901362204133e-08,5.0003769314050706e-01,1.2381382258088411e-08,6.1339242248415303e-08,False,1,Stable; pseudopotential not valid
8.7754682715947139e+12,5.1320476772033413e-08,True,True,2.5660884844592530e-08,5.0003768153438832e-01,1.2831407556335303e-08,6.3091989768428323e-08,False,1,Stable; pseudopotential not valid
9.2841454451947637e+12,5.2836456884846600e-08,True,True,2.6418893703246291e-08,5.0003769141466481e-01,1.3210440666982367e-08,6.4894821439407327e-08,False,1,Stable; pseudopotential not valid
9.8223085059216895e+12,5.3472149153989493e-08,True,True,2.6736747896394380e-08,5.0003768422199579e-01,1.3369379605409815e-08,6.6749168398552293e-08,False,1,Stable; pseudopotential not valid
1.0391666627264613e+13,5.5990682042062081e-08,True,True,2.7996045839859934e-08,5.0003768817569694e-01,1.3999075908504422e-08,6.8656502677310902e-08,False,1,Stable; pseudopotential not valid
1.0994028056347682e+13,5.6641008811860275e-08,True,True,2.8321217006272341e-08,5.0003769219371197e-01,1.4161674100929316e-08,7.0618338369918147e-08,False,1,Stable; pseudopotential not valid
1.1631305856813811e+13,5.8953287760242319e-08,True,True,2.9477386123678491e-08,5.0003769261790354e-01,1.4739801678373612e-08,7.2636232835324633e-08,False,1,Stable; pseudopotential not valid
1.2305523984600006e+13,6.0411981746349287e-08,True,True,3.0206751426964801e-08,5.0003769456616831e-01,1.5104511869282387e-08,7.4711787933472113e-08,False,1,Stable; pseudopotential not valid
1.3018823715899295e+13,6.2366494701391001e-08,True,True,3.1184032906537826e-08,5.0003769280045873e-01,1.5593189080169405e-08,7.6846651296892795e-08,False,1,Stable; pseudopotential not valid
1.3773470447725207e+13,6.3926871479370934e-08,True,True,3.1964240828153064e-08,5.0003770035581296e-01,1.5983322463522642e-08,7.9042517638645819e-08,False,1,Stable; pseudopotential not valid
1.4571860892676297e+13,6.6108346415436888e-08,True,True,3.3055006305193901e-08,5.0003769824474820e-01,1.6528746106041309e-08,8.1301130097626771e-08,False,1,Stable; pseudopotential not valid
1.5416530690751090e+13,6.8156290583042316e-08,True,True,3.4079003407013739e-08,5.0003770425057503e-01,1.7040783420004745e-08,8.3624281622318900e-08,False,1,Stable; pseudopotential not valid
1.6310162462388115e+13,7.0108321386205051e-08,True,True,3.5055043918757516e-08,5.0003769559536959e-01,1.7528840039525899e-08,8.6013816394085162e-08,False,1,Stable; pseudopotential not valid
1.7255594328306867e+13,7.1994576695851239e-08,True,True,3.5998195023832776e-08,5.0003770219686638e-01,1.8000451182264342e-08,8.8471631291129656e-08,False,1,Stable; pseudopotential not valid
1.8255828923208672e+13,7.4158169018115387e-08,True,True,3.7080018547950422e-08,5.0003770678181703e-01,1.8541403969498771e-08,9.0999677394291879e-08,False,1,Stable; pseudopotential not valid
1.9314042931963281e+13,7.6001087913677134e-08,True,True,3.8001501926003796e-08,5.0003769868290315e-01,1.9002179712435717e-08,9.3599961535867395e-08,False,1,Stable; pseudopotential not valid
2.0433597178569395e+13,7.8358123758601810e-08,True,True,3.9180049145442059e-08,5.0003771199864067e-01,1.9591497825636630e-08,9.6274547892687631e-08,False,1,Stable; pseudopotential not valid
2.1618047299928875e+13,8.0487575548221911e-08,True,True,4.0244801952451187e-08,5.0003770582453455e-01,2.0123914111296276e-08,9.9025559624718554e-08,False,1,Stable; pseudopotential not valid
2.2871155038335824e+13,8.2729315222523460e-08,True,True,4.1365700672066597e-08,5.0003771415422682e-01,2.0684405544332378e-08,1.0185518056048439e-07,False,1,Stable; pseudopotential not valid
2.4196900188543637e+13,8.5289670112274507e-08,True,True,4.2645910046315584e-08,5.0003771269815656e-01,2.1324558449493219e-08,1.0476565693064976e-07,False,1,Stable; pseudopotential not valid
2.5599493237353570e+13,8.7530486331968074e-08,True,True,4.3766346934785449e-08,5.0003771001160657e-01,2.1884818685967010e-08,1.0775929915113987e-07,False,1,Stable; pseudopotential not valid
2.7083388735867430e+13,8.9988976809662560e-08,True,True,4.4995623168913627e-08,5.0003771829849264e-01,2.2499502872757142e-08,1.1083848365721155e-07,False,1,Stable; pseudopotential not valid
2.8653299446873609e+13,9.2442723013025676e-08,True,True,4.6222527397940229e-08,5.0003771792414142e-01,2.3113001371997101e-08,1.1400565478993248e-07,False,1,Stable; pseudopotential not valid
3.0314211312298523e+13,9.5585657448153518e-08,True,True,4.7794034409094846e-08,5.0003771994854995e-01,2.3898813624875135e-08,1.1726332673656752e-07,False,1,Stable; pseudopotential not valid
3.2071399288257246e+13,9.8115777325580488e-08,True,True,4.9059126067704392e-08,5.0003771919762063e-01,2.4531407055338033e-08,1.2061408552640709e-07,False,1,Stable; pseudopotential not valid
3.3930444097997602e+13,1.0112382173773278e-07,True,True,5.0563187380894197e-08,5.0003772118080192e-01,2.5283493912961148e-08,1.2406059108363062e-07,False,1,Stable; pseudopotential not valid
3.5897249955940430e+13,1.0388610778072140e-07,True,True,5.1944364859704423e-08,5.0003772565178151e-01,2.5974134757405282e-08,1.2760557933882535e-07,False,1,Stable; pseudopotential not valid
3.7978063319109703e+13,1.0680629938117574e-07,True,True,5.3404497707665411e-08,5.0003772593035289e-01,2.6704255818828623e-08,1.3125186440084407e-07,False,1,Stable; pseudopotential not valid
4.0179492725503969e+13,1.0992616773446481e-07,True,True,5.4964471633007656e-08,5.0003772742360320e-01,2.7484301235357984e-08,1.3500234079072164e-07,False,1,Stable; pseudopotential not valid
4.2508529782415227e+13,1.1298406876688535e-07,True,True,5.6493460945615965e-08,5.0003773001191687e-01,2.8248853341491940e-08,1.3885998573942491e-07,False,1,Stable; pseudopotential not valid
4.4972571371352734e+13,1.1630339614402935e-07,True,True,5.8153166807190626e-08,5.0003773097075399e-01,2.9078768547414435e-08,1.4282786155126028e-07,False,1,Stable; pseudopotential not valid
4.7579443140094141e+13,1.1961391533241367e-07,True,True,5.9808468118353775e-08,5.0003773218949765e-01,2.9906481085953649e-08,1.4690911803481579e-07,False,1,Stable; pseudopotential not valid
5.0337424356470773e+13,1.2316470162221286e-07,True,True,6.1583906884837623e-08,5.0003773522545514e-01,3.0794267083090451e-08,1.5110699500336395e-07,False,1,Stable; pseudopotential not valid
5.3255274202824414e+13,1.2653306921022553e-07,True,True,6.3268134088649890e-08,5.0003773787039396e-01,3.1636443604019259e-08,1.5542482484671486e-07,False,1,Stable; pseudopotential not valid
5.6342259594643914e+13,1.3021812269585623e-07,True,True,6.5110706794722732e-08,5.0003774040873783e-01,3.2557799234723297e-08,1.5986603517655989e-07,False,1,Stable; pseudopotential not valid
5.9608184611729695e+13,1.3393913384930876e-07,True,True,6.6971260282705877e-08,5.0003774492543052e-01,3.3488145605008329e-08,1.6443415154740179e-07,False,1,Stable; pseudopotential not valid
6.3063421635362000e+13,1.3785491236064276e-07,True,True,6.8929199117236575e-08,5.0003774837117487e-01,3.4467188538495969e-08,1.6913280025523773e-07,False,1,Stable; pseudopotential not valid
6.6718944290359258e+13,1.4181169783840521e-07,True,True,7.0907641910894900e-08,5.0003775158506580e-01,3.5456484264390739e-08,1.7396571121621188e-07,False,1,Stable; pseudopotential not valid
7.0586362296650078e+13,1.4583471008912559e-07,True,True,7.2919200252793506e-08,5.0003775189524691e-01,3.6462338338807118e-08,1.7893672092752585e-07,False,1,Stable; pseudopotential not valid
7.4677958341044562e+13,1.5011246890821460e-07,True,True,7.5058133960950636e-08,5.0003775798848193e-01,3.7531885298390670e-08,1.8404977551295404e-07,False,1,Stable; pseudopotential not valid
7.9006727086309672e+13,1.5420263327403264e-07,True,True,7.7103268283078164e-08,5.0003775684614027e-01,3.8554529185647582e-08,1.8930893385538709e-07,False,1,Stable; pseudopotential not valid
8.3586416441433766e+13,1.5863717536657822e-07,True,True,7.9320595624464187e-08,5.0003776227508989e-01,3.9663275948657652e-08,1.9471837081888141e-07,False,1,Stable; pseudopotential not valid
8.8431571224160656e+13,1.6322745317749942e-07,True,True,8.1615793576989762e-08,5.0003776536802058e-01,4.0810960638013129e-08,2.0028238056278372e-07,False,1,Stable; pseudopotential not valid
9.3557579354453047e+13,1.6791957491521746e-07,True,True,8.3961914526833384e-08,5.0003776823300106e-01,4.1984108991338677e-08,2.0600537995054963e-07,False,1,Stable; pseudopotential not valid
9.8980720725601453e+13,1.7272496144613956e-07,True,True,8.6364668536312469e-08,5.0003777134323402e-01,4.3185576004683852e-08,2.1189191205597331e-07,False,1,Stable; pseudopotential not valid
1.0471821890818506e+14,1.7761192286683790e-07,True,True,8.8808211778361903e-08,5.0003777585093612e-01,4.4407439179405045e-08,2.1794664976960253e-07,False,1,Stable; pseudopotential not valid
1.1078829585109523e+14,1.8277090898228764e-07,True,True,9.1387771157976185e-08,5.0003777745161182e-01,4.5697315158419096e-08,2.2417439950820778e-07,False,1,Stable; pseudopotential not valid
1.1721022975334842e+14,1.8788828009580600e-07,True,True,9.3946522131635763e-08,5.0003778133344423e-01,4.6976786248356839e-08,2.3058010503024747e-07,False,1,Stable; pseudopotential not valid
1.2400441629048536e+14,1.9329549984682481e-07,True,True,9.6650201644136260e-08,5.0003778530543908e-01,4.8328726961635321e-08,2.3716885136035906e-07,False,1,Stable; pseudopotential not valid
1.3119243339001106e+14,1.9877353465311667e-07,True,True,9.9389289418050815e-08,5.0003778994541659e-01,4.9698373351408634e-08,2.4394586882599191e-07,False,1,Stable; pseudopotential not valid
1.3879710976159017e+14,2.0454195064053284e-07,True,True,1.0227357127818583e-07,5.0003779363771739e-01,5.1140622153517872e-08,2.5091653720938211e-07,False,1,Stable; pseudopotential not valid
1.4684259739965912e+14,2.1038654089905450e-07,True,True,1.0519594153039072e-07,5.0003779576568130e-01,5.2601916430719817e-08,2.5808639001817429e-07,False,1,Stable; pseudopotential not valid
1.5535444828870284e+14,2.1619411380101113e-07,True,True,1.0809980218454958e-07,5.0003779995566455e-01,5.4053955230351508e-08,2.6546111887806895e-07,False,1,Stable; pseudopotential not valid
1.6435969555482188e+14,2.2257606383804440e-07,True,True,1.1129085914450430e-07,5.0003780584823798e-01,5.5649603156398792e-08,2.7304657805099234e-07,False,1,Stable; pseudopotential not valid
1.7388693932131300e+14,2.2892875867280943e-07,True,True,1.1446728847096186e-07,5.0003780738947934e-01,5.7237936194958343e-08,2.8084878908236954e-07,False,1,Stable; pseudopotential not valid
1.8396643754093959e+14,2.3527593031632862e-07,True,True,1.1764095588397204e-07,5.0003781409603565e-01,5.8824888405718812e-08,2.8887394558119302e-07,False,1,Stable; pseudopotential not valid
1.9463020209336838e+14,2.4218630575881904e-07,True,True,1.2109623269674234e-07,5.0003781779501943e-01,6.0552655720684767e-08,2.9712841813667818e-07,False,1,Stable; pseudopotential not valid
2.0591210045297150e+14,2.4901342727048136e-07,True,True,1.2450988111875644e-07,5.0003782523168361e-01,6.2259607577710649e-08,3.0561875937541194e-07,False,1,Stable; pseudopotential not valid
2.1784796324989012e+14,2.5609984293557201e-07,True,True,1.2805318030831786e-07,5.0003782833751576e-01,6.4031389101311395e-08,3.1435170916300954e-07,False,1,Stable; pseudopotential not valid
2.3047569806595319e+14,2.6355669147379542e-07,True,True,1.3178170135246003e-07,5.0003783185278372e-01,6.5895788707457106e-08,3.2333419995440005e-07,False,1,Stable; pseudopotential not valid
2.4383540982688266e+14,2.7108309702472709e-07,True,True,1.3554500141997507e-07,5.0003783715662775e-01,6.7777579120499352e-08,3.3257336229700473e-07,False,1,Stable; pseudopotential not valid
2.5796952817311747e+14,2.7880304781547385e-07,True,True,1.3940507617538874e-07,5.0003784289238529e-01,6.9707760333051761e-08,3.4207653049115556e-07,False,1,Stable; pseudopotential not valid
2.7292294221380128e+14,2.8670305610120430e-07,True,True,1.4335518266139861e-07,5.0003784867786927e-01,7.1682960562648975e-08,3.5185124841226750e-07,False,1,Stable; pseudopotential not valid
2.8874314309189044e+14,2.9498380683762876e-07,True,True,1.4749566534030598e-07,5.0003785383331301e-01,7.3753356158707392e-08,3.6190527549937262e-07,False,1,Stable; pseudopotential not valid
3.0548037481316544e+14,3.0341500190447213e-07,True,True,1.5171137237498614e-07,5.0003785965485903e-01,7.5861366757171259e-08,3.7224659291477529e-07,False,1,Stable; pseudopotential not valid
3.2318779381816800e+14,3.1196971756739491e-07,True,True,1.5598884112228743e-07,5.0003786550159035e-01,7.8000260584048329e-08,3.8288340987971685e-07,False,1,Stable; pseudopotential not valid
3.4192163780386175e+14,3.2101511703218907e-07,True,True,1.6051165824279141e-07,5.0003787247212983e-01,8.0261837274160569e-08,3.9382417019108386e-07,False,1,Stable; pseudopotential not valid
3.6174140433116544e+14,3.3016689274945846e-07,True,True,1.6508766463064173e-07,5.0003787872401362e-01,8.2550010752466157e-08,4.0507755892432069e-07,False,1,Stable; pseudopotential not valid
3.8271003978562844e+14,3.3961026877915133e-07,True,True,1.6980947593739060e-07,5.0003788420815731e-01,8.4911091953687337e-08,4.1665250932788207e-07,False,1,Stable; pseudopotential not valid
4.0489413929136781e+14,3.4931242717862142e-07,True,True,1.7466068187394365e-07,5.0003789108932606e-01,8.7336875181948546e-08,4.2855820991469530e-07,False,1,Stable; pseudopotential not valid
4.2836415821316488e+14,3.5927402241094136e-07,True,True,1.7964160846100898e-07,5.0003789763909279e-01,8.9827523650391991e-08,4.4080411175624585e-07,False,1,Stable; pseudopotential not valid
4.5319463591846906e+14,3.6954302769182902e-07,True,True,1.8477624549015933e-07,5.0003790556186611e-01,9.2395033028677705e-08,4.5339993598510265e-07,False,1,Stable; pseudopotential not valid
4.7946443250994119e+14,3.8014507278937466e-07,True,True,1.9007740672996773e-07,5.0003791310797119e-01,9.5045810363344698e-08,4.6635568151181627e-07,False,1,Stable; pseudopotential not valid
5.0725697928039256e+14,3.9098928975875358e-07,True,True,1.9549965699772391e-07,5.0003792026358829e-01,9.7757137072778421e-08,4.7968163296233182e-07,False,1,Stable; pseudopotential not valid
5.3666054368554762e+14,4.0216643085291032e-07,True,True,2.0108837406770463e-07,5.0003792735044017e-01,1.0055170274010012e-07,4.9338836884220259e-07,False,1,Stable; pseudopotential not valid
5.6776850967617862e+14,4.1363625733685285e-07,True,True,2.0682343767007294e-07,5.0003793582769140e-01,1.0341944701118024e-07,5.0748676993410336e-07,False,1,Stable; pseudopotential not valid
6.0067967427989788e+14,4.2545007174010312e-07,True,True,2.1273049998103540e-07,5.0003794378216349e-01,1.0637319745219629e-07,5.2198802793528650e-07,False,1,Stable; pseudopotential not valid
6.3549856137458862e+14,4.3760734004530324e-07,True,True,2.1880929433698101e-07,5.0003795191266687e-01,1.0941281972002316e-07,5.3690365434186569e-07,False,1,Stable; pseudopotential not valid
6.7233575364993350e+14,4.5012132008916592e-07,True,True,2.2506644833236627e-07,5.0003796027153491e-01,1.1254162873827572e-07,5.5224548958695194e-07,False,1,Stable; pseudopotential not valid
7.1130824381139100e+14,4.6298501695190184e-07,True,True,2.3149846635320535e-07,5.0003796817627355e-01,1.1575787559098944e-07,5.6802571243991471e-07,False,1,Stable; pseudopotential not valid
7.5253980614198338e+14,4.7623193718979992e-07,True,True,2.3812210172893846e-07,5.0003797848469800e-01,1.1906993861174324e-07,5.8425684967422597e-07,False,1,Stable; pseudopotential not valid
7.9616138960197000e+14,4.8981096762364455e-07,True,True,2.4491179627671528e-07,5.0003798708613323e-01,1.2246503720290251e-07,6.0095178601155190e-07,False,1,Stable; pseudopotential not valid
8.4231153371486312e+14,5.0381408624348206e-07,True,True,2.5191354096148585e-07,5.0003799786550840e-01,1.2596616821478255e-07,6.1812377435000154e-07,False,1,Stable; pseudopotential not valid
8.9113680856061275e+14,5.1823297020208144e-07,True,True,2.5912317394437644e-07,5.0003800808521570e-01,1.2957125108821478e-07,6.3578644628463756e-07,False,1,Stable; pseudopotential not valid
9.4279228027337238e+14,5.3305930308384662e-07,True,True,2.6653653739948095e-07,5.0003801726609420e-01,1.3327820653544906e-07,6.5395382292861746e-07,False,1,Stable; pseudopotential not valid
9.9744200352218300e+14,5.4825190915914335e-07,True,True,2.7413304169196144e-07,5.0003802806746755e-01,1.3707673915331798e-07,6.7264032604352414e-07,False,1,Stable; pseudopotential not valid
1.0552595425387570e+15,5.6392724870234020e-07,True,True,2.8197092026356826e-07,5.0003803852792594e-01,1.4099596771464187e-07,6.9186078948777192e-07,False,1,Stable; pseudopotential not valid
1.1164285223470048e+15,5.8007031977049492e-07,True,True,2.9004267180320309e-07,5.0003804890764358e-01,1.4503214064319257e-07,7.1163047099211506e-07,False,1,Stable; pseudopotential not valid
1.1811432119450735e+15,5.9661987510185860e-07,True,True,2.9831767013066744e-07,5.0003806106818960e-01,1.4916994480622699e-07,7.3196506427166099e-07,False,1,Stable; pseudopotential not valid
1.2496091412919892e+15,6.1366481315605099e-07,True,True,3.0684036749436217e-07,5.0003807263208933e-01,1.5343160706133360e-07,7.5288071148397222e-07,False,1,Stable; pseudopotential not valid
1.3220437540584350e+15,6.3119539529708443e-07,True,True,3.1560589412826994e-07,5.0003808419872608e-01,1.5781469291484681e-07,7.7439401604314632e-07,False,1,Stable; pseudopotential not valid
1.3986770982147618e+15,6.4922325440575921e-07,True,True,3.2462006588604340e-07,5.0003809654743936e-01,1.6232211003462680e-07,7.9652205580007045e-07,False,1,Stable; pseudopotential not valid
1.4797525566494898e+15,6.6778237561324402e-07,True,True,3.3389987576811707e-07,5.0003810891287381e-01,1.6696235617071298e-07,8.1928239659927806e-07,False,1,Stable; pseudopotential not valid
1.5655276201387368e+15,6.8685900521902185e-07,True,True,3.4343844764945821e-07,5.0003812276791193e-01,1.7173199263086219e-07,8.4269310622321041e-07,False,1,Stable; pseudopotential not valid
1.6562747051213832e+15,7.0648771907528784e-07,True,True,3.5325307024005097e-07,5.0003813613563264e-01,1.7663966378911383e-07,8.6677276873490051e-07,False,1,Stable; pseudopotential not valid
1.7522820188773358e+15,7.2668049685914376e-07,True,True,3.6334973258954093e-07,5.0003815017391773e-01,1.8168836499263720e-07,8.9154049923052998e-07,False,1,Stable; pseudopotential not valid
1.8538544748564550e+15,7.4743977561055237e-07,True,True,3.7372965309587048e-07,5.0003816404330648e-01,1.8687870582268060e-07,9.1701595901350133e-07,False,1,Stable; pseudopotential not valid
1.9613146610653465e+15,7.6880501760820030e-07,True,True,3.8441256508052316e-07,5.0003817795651384e-01,1.9222055267708047e-07,9.4321937120212757e-07,False,1,Stable; pseudopotential not valid
2.0750038645874460e+15,7.9079616313276656e-07,True,True,3.9540843729637292e-07,5.0003819409456152e-01,1.9771889102443179e-07,9.7017153678329745e-07,False,1,Stable; pseudopotential not valid
2.1952831554902562e+15,8.1336492824796652e-07,True,True,4.0669312810305391e-07,5.0003820864084836e-01,2.0336164875249651e-07,9.9789385112486435e-07,False,1,Stable; pseudopotential not valid
2.3225345335621375e+15,8.3661306713060976e-07,True,True,4.1831751595996757e-07,5.0003822489244398e-01,2.0917426696230588e-07,1.0264083209598801e-06,False,1,Stable; pseudopotential not valid
2.4571621415206820e+15,8.6050535699229635e-07,True,True,4.3026398878182820e-07,5.0003824064885827e-01,2.1514793944878935e-07,1.0557375818561476e-06,False,1,Stable; pseudopotential not valid
2.5995935485456025e+15,8.8510674132411790e-07,True,True,4.4256501886702177e-07,5.0003825803143687e-01,2.2129890272863414e-07,1.0859049161849425e-06,False,1,Stable; pseudopotential not valid
2.7502811082127400e+15,9.1039382196001320e-07,True,True,4.5520890837574754e-07,5.0003827480060292e-01,2.2762130776669420e-07,1.1169342716032041e-06,False,1,Stable; pseudopotential not valid
2.9097033951418265e+15,9.3640691108837732e-07,True,True,4.6821581277713504e-07,5.0003829294308155e-01,2.3412523299913710e-07,1.1488502800638495e-06,False,1,Stable; pseudopotential not valid
3.0783667249206080e+15,9.6316554110656054e-07,True,True,4.8159549869602121e-07,5.0003831151379863e-01,2.4081556223803140e-07,1.1816782773692805e-06,False,1,Stable; pseudopotential not valid
3.2568067621327185e+15,9.9069349968640048e-07,True,True,4.9535986016508252e-07,5.0003832973811624e-01,2.4769824277624069e-07,1.2154443232836432e-06,False,1,Stable; pseudopotential not valid
3.4455902215961465e+15,1.0190019053171185e-06,True,True,5.0951445794297910e-07,5.0003834938414593e-01,2.5477605485626364e-07,1.2501752222197852e-06,False,1,Stable; pseudopotential not valid
3.6453166682153865e+15,1.0481158213976799e-06,True,True,5.2407182315200414e-07,5.0003836901274867e-01,2.6205526455438087e-07,1.2858985445173316e-06,False,1,Stable; pseudopotential not valid
3.8566204211634720e+15,1.0780686179030795e-06,True,True,5.3904864147978296e-07,5.0003838941647427e-01,2.6954421562025635e-07,1.3226426483287722e-06,False,1,Stable; pseudopotential not valid
4.0801725684415530e+15,1.1088650283762413e-06,True,True,5.5444727955975603e-07,5.0003841061066268e-01,2.7724409134103069e-07,1.3604367021309539e-06,False,1,Stable; pseudopotential not valid
4.3166830982138840e+15,1.1405555884366033e-06,True,True,5.7029300676427233e-07,5.0003843196770703e-01,2.8516752680759158e-07,1.3993107078797952e-06,False,1,Stable; pseudopotential not valid
4.5669031536876320e+15,1.1731431769859480e-06,True,True,5.8658726205537603e-07,5.0003845396390190e-01,2.9331524173283261e-07,1.4392955248266864e-06,False,1,Stable; pseudopotential not valid
4.8316274186983720e+15,1.2066671674528889e-06,True,True,6.0334973384003836e-07,5.0003847648654143e-01,3.0169708105606432e-07,1.4804228940153879e-06,False,1,Stable; pseudopotential not valid
5.1116966415781850e+15,1.2411559357743558e-06,True,True,6.2059460940905303e-07,5.0003850026517760e-01,3.1032013877518519e-07,1.5227254634789512e-06,False,1,Stable; pseudopotential not valid
5.4080003053217420e+15,1.2766119724958275e-06,True,True,6.3832313420532465e-07,5.0003852438882523e-01,3.1918503797678832e-07,1.5662368141566213e-06,False,1,Stable; pseudopotential not valid
5.7214794525307560e+15,1.3130958439936345e-06,True,True,6.5656559327151388e-07,5.0003854887513488e-01,3.2830692166195710e-07,1.6109914865513059e-06,False,1,Stable; pseudopotential not valid
6.0531296741086430e+15,1.3506182389358140e-06,True,True,6.7532733072381470e-07,5.0003857456407419e-01,3.3768846201897723e-07,1.6570250081487763e-06,False,1,Stable; pseudopotential not valid
6.4040042711972830e+15,1.3892081466656771e-06,True,True,6.9462284231846125e-07,5.0003860050691307e-01,3.4733690778211829e-07,1.7043739216203478e-06,False,1,Stable; pseudopotential not valid
6.7752176003981530e+15,1.4289034611669154e-06,True,True,7.1447107484873580e-07,5.0003862792187137e-01,3.5726173249542379e-07,1.7530758138314804e-06,False,1,Stable; pseudopotential not valid
7.1679486129016360e+15,1.4697355343050024e-06,True,True,7.3488770666844042e-07,5.0003865540691150e-01,3.6747077605954118e-07,1.8031693456792273e-06,False,1,Stable; pseudopotential not valid
7.5834445987652600e+15,1.5117310257733494e-06,True,True,7.5588606632355991e-07,5.0003868365318838e-01,3.7797070296755705e-07,1.8546942827823480e-06,False,1,Stable; pseudopotential not valid
8.0230251482316500e+15,1.5549244632564687e-06,True,True,7.7748341944069098e-07,5.0003871334404326e-01,3.8877014671196365e-07,1.9076915270483218e-06,False,1,Stable; pseudopotential not valid
8.4880863426678250e+15,1.5993550955985102e-06,True,True,7.9969938995652768e-07,5.0003874328889919e-01,3.9987891990761984e-07,1.9622031491424158e-06,False,1,Stable; pseudopotential not valid
8.9801051884355640e+15,1.6450628079272696e-06,True,True,8.2255392328774673e-07,5.0003877379860695e-01,4.1130699535414972e-07,2.0182724218845303e-06,False,1,Stable; pseudopotential not valid
9.5006443077747120e+15,1.6920674027102831e-06,True,True,8.4605691878233640e-07,5.0003880579996340e-01,4.2305932390636227e-07,2.0759438546003481e-06,False,1,Stable; pseudopotential not valid
1.0051356901597356e+16,1.7404217680328899e-06,True,True,8.7023482413810836e-07,5.0003883860269327e-01,4.3514912890239474e-07,2.1352632284540572e-06,False,1,Stable; pseudopotential not valid
1.0633991999954334e+16,1.7901430180311655e-06,True,True,8.9509619541250259e-07,5.0003887243617973e-01,4.4758068966999607e-07,2.1962776327906856e-06,False,1,Stable; pseudopotential not valid
1.1250400016849838e+16,1.8413016778415506e-06,True,True,9.2067629666950566e-07,5.0003890689745423e-01,4.6037163868077986e-07,2.2590355025169596e-06,False,1,Stable; pseudopotential not valid
1.1902538627043946e+16,1.8939147089215720e-06,True,True,9.4698360904093990e-07,5.0003894241234603e-01,4.7352621704195023e-07,2.3235866565501597e-06,False,1,Stable; pseudopotential not valid
1.2592478983511084e+16,1.9480332280413853e-06,True,True,9.7404369201117830e-07,5.0003897883989668e-01,4.8705720515559322e-07,2.3899823373658739e-06,False,1,Stable; pseudopotential not valid
1.3322412295296212e+16,2.0036965319885177e-06,True,True,1.0018761959631426e-06,5.0003901653795024e-01,5.0097442847622886e-07,2.4582752516755718e-06,False,1,Stable; pseudopotential not valid
1.4094656786663316e+16,2.0609584714128499e-06,True,True,1.0305080465840431e-06,5.0003905504303925e-01,5.1529135061403645e-07,2.5285196122666917e-06,False,1,Stable; pseudopotential not valid
1.4911665059636054e+16,2.1198401096302486e-06,True,True,1.0599497758975979e-06,5.0003909483095788e-01,5.3001323802399132e-07,2.6007711810382157e-06,False,1,Stable; pseudopotential not valid
1.5776031883314026e+16,2.1804134160417535e-06,True,True,1.0902373710536865e-06,5.0003913575341752e-01,5.4515808531560933e-07,2.6750873132660014e-06,False,1,Stable; pseudopotential not valid
1.6690502434703910e+16,2.2427280035819872e-06,True,True,1.1213956396425388e-06,5.0003917765284167e-01,5.6073829629290081e-07,2.7515270031330041e-06,False,1,Stable; pseudopotential not valid
1.7657981017234960e+16,2.3068135016264031e-06,True,True,1.1534393959509394e-06,5.0003922071107021e-01,5.7676127930139652e-07,2.8301509305603759e-06,False,1,Stable; pseudopotential not valid
1.8681540284653912e+16,2.3727258930236152e-06,True,True,1.1863966346586906e-06,5.0003926516148944e-01,5.9324103182192262e-07,2.9110215093770061e-06,False,1,Stable; pseudopotential not valid
1.9764430999586084e+16,2.4405215878669601e-06,True,True,1.2202955593987862e-06,5.0003931078404662e-01,6.1019165707581899e-07,2.9942029368651507e-06,False,1,Stable; pseudopotential not valid
2.0910092357764028e+16,2.5102596001745450e-06,True,True,1.2551656828135920e-06,5.0003935770824171e-01,6.2762791095765646e-07,3.0797612447221669e-06,False,1,Stable; pseudopotential not valid
2.2122162910704504e+16,2.5819896321374867e-06,True,True,1.2910318547761345e-06,5.0003940572351213e-01,6.4556221919098599e-07,3.1677643514781568e-06,False,1,Stable; pseudopotential not valid
2.3404492121529860e+16,2.6557692368223469e-06,True,True,1.3279228534652295e-06,5.0003945526047944e-01,6.6400897233721584e-07,3.2582821164116200e-06,False,1,Stable; pseudopotential not valid
2.4761152590631064e+16,2.7316542980626936e-06,True,True,1.3658666214819970e-06,5.0003950639433248e-01,6.8298214234844615e-07,3.3513863950056502e-06,False,1,Stable; pseudopotential not valid
2.6196452990001204e+16,2.8097117824607670e-06,True,True,1.4048966466511028e-06,5.0003955838651470e-01,7.0249847291160398e-07,3.4471510959887686e-06,False,1,Stable; pseudopotential not valid
2.7714951747319460e+16,2.8900017880580484e-06,True,True,1.4450429771768246e-06,5.0003961225643034e-01,7.2257298943302170e-07,3.5456522400057761e-06,False,1,Stable; pseudopotential not valid
2.9321471523240680e+16,2.9725815422594266e-06,True,True,1.4863342298190275e-06,5.0003966763597518e-01,7.4322000086704437e-07,3.6469680199648617e-06,False,1,Stable; pseudopotential not valid
3.1021114527878672e+16,3.0575187508459267e-06,True,True,1.5288042596535145e-06,5.0003972419078180e-01,7.6445643503601001e-07,3.7511788631095089e-06,False,1,Stable; pseudopotential not valid
3.2819278725114708e+16,3.1448893527894564e-06,True,True,1.5724910368029085e-06,5.0003978270402039e-01,7.8630127855239844e-07,3.8583674948635850e-06,False,1,Stable; pseudopotential not valid
3.4721674976209556e+16,3.2347536784043831e-06,True,True,1.6174247295439417e-06,5.0003984259914380e-01,8.0876961551423877e-07,3.9686190045012897e-06,False,1,Stable; pseudopotential not valid
3.6734345177152376e+16,3.3271856013876839e-06,True,True,1.6636422772690202e-06,5.0003990424348965e-01,8.3187991628001429e-07,4.0820209126931987e-06,False,1,Stable; pseudopotential not valid
3.8863681447359960e+16,3.4222589536600897e-06,True,True,1.7111805976549687e-06,5.0003996752983204e-01,8.5565064082017047e-07,4.1986632409826207e-06,False,1,Stable; pseudopotential not valid
4.1116446430663032e+16,3.5200479284379444e-06,True,True,1.7600767895828267e-06,5.0004003268554220e-01,8.8010033887365202e-07,4.3186385832471747e-06,False,1,Stable; pseudopotential not valid
4.3499794773055664e+16,3.6206320653711240e-06,True,True,1.8103706252132267e-06,5.0004009964202489e-01,9.0524889792792719e-07,4.4420421792023128e-06,False,1,Stable; pseudopotential not valid
4.6021295845422072e+16,3.7240886344607987e-06,True,True,1.8621007436025343e-06,5.0004016835992438e-01,9.3111563693157916e-07,4.5689719900053160e-06,False,1,Stable; pseudopotential not valid
4.8688957783399008e+16,3.8305052882917661e-06,True,True,1.9153109718382155e-06,5.0004023903112127e-01,9.5772247121934960e-07,4.6995287760193512e-06,False,1,Stable; pseudopotential not valid
5.1511252920738104e+16,3.9399600820810113e-06,True,True,1.9700403424717048e-06,5.0004031137992688e-01,9.8508891705211246e-07,4.8338161768000764e-06,False,1,Stable; pseudopotential not valid
5.4497144696921664e+16,4.0525427495593811e-06,True,True,2.0263337237293013e-06,5.0004038615946533e-01,1.0132374096143320e-06,4.9719407933672547e-06,False,1,Stable; pseudopotential not valid
5.7656116124513112e+16,4.1683422190050741e-06,True,True,2.0842355839712879e-06,5.0004046278358338e-01,1.0421901835713318e-06,5.1140122728278774e-06,False,1,Stable; pseudopotential not valid
6.0998199906629496e+16,4.2874486453712418e-06,True,True,2.1437910037155084e-06,5.0004054153695821e-01,1.0719697800681141e-06,5.2601433954168035e-06,False,1,Stable; pseudopotential not valid
6.4534010300204816e+16,4.4099626177113937e-06,True,True,2.2050502805325016e-06,5.0004062241332237e-01,1.1026013479074554e-06,5.4104501640249165e-06,False,1,Stable; pseudopotential not valid
6.8274776826230808e+16,4.5359800922282877e-06,True,True,2.2680613969148389e-06,5.0004070546166624e-01,1.1341088794809449e-06,5.5650518962853674e-06,False,1,Stable; pseudopotential not valid
7.2232379934039072e+16,4.6655908374987359e-06,True,True,2.3328692412303479e-06,5.0004079087509712e-01,1.1665148187126062e-06,5.7240713192911682e-06,False,1,Stable; pseudopotential not valid
7.6419388732896064e+16,4.7989071861153493e-06,True,True,2.3995299832808893e-06,5.0004087861660473e-01,1.1998472520850616e-06,5.8876346670194536e-06,False,1,Stable; pseudopotential not valid
8.0849100910731008e+16,4.9360370195565019e-06,True,True,2.4680975674648202e-06,5.0004096868947123e-01,1.2341331522547843e-06,6.0558717805391522e-06,False,1,Stable; pseudopotential not valid
8.5535584966801584e+16,5.0770793120848468e-06,True,True,2.5386214867793715e-06,5.0004106123952385e-01,1.2693972653375155e-06,6.2289162110828341e-06,False,1,Stable; pseudopotential not valid
9.0493724892390560e+16,5.2221568109831405e-06,True,True,2.6111631185106045e-06,5.0004115622989798e-01,1.3056702812008643e-06,6.4069053260628859e-06,False,1,Stable; pseudopotential not valid
9.5739267441476272e+16,5.3713773765069221e-06,True,True,2.6857763983768415e-06,5.0004125395373789e-01,1.3429791677393554e-06,6.5899804181179183e-06,False,1,Stable; pseudopotential not valid
1.0128887214146789e+17,5.5248619025907126e-06,True,True,2.7625217793476280e-06,5.0004135409556028e-01,1.3813541514933226e-06,6.7782868172744674e-06,False,1,Stable; pseudopotential not valid
1.0716016420286528e+17,5.6827346181205038e-06,True,True,2.8414613799437146e-06,5.0004145717863013e-01,1.4208262927097500e-06,6.9719740063140648e-06,False,1,Stable; pseudopotential not valid
1.1337179049586592e+17,5.8451144869175658e-06,True,True,2.9226546871549363e-06,5.0004156295482460e-01,1.4614253352393285e-06,7.1711957394367623e-06,False,1,Stable; pseudopotential not valid
1.1994347877170142e+17,6.0121379750581740e-06,True,True,3.0061699425665856e-06,5.0004167159008650e-01,1.5031853991166700e-06,7.3761101643153652e-06,False,1,Stable; pseudopotential not valid
1.2689610031679286e+17,6.1839314009469945e-06,True,True,3.0920703092800314e-06,5.0004178309434999e-01,1.5461380672527225e-06,7.5868799476375926e-06,False,1,Stable; pseudopotential not valid
1.3425173623868934e+17,6.3606342688921696e-06,True,True,3.1804255477400219e-06,5.0004189769958385e-01,1.5903182189294991e-06,7.8036724042349777e-06,False,1,Stable; pseudopotential not valid
1.4203374759435184e+17,6.5423871237493152e-06,True,True,3.2713059372152401e-06,5.0004201536884851e-01,1.6357609941180548e-06,8.0266596299024413e-06,False,1,Stable; pseudopotential not valid
1.5026684958344688e+17,6.7293337177980655e-06,True,True,3.3647833600997010e-06,5.0004213609152748e-01,1.6825023341890258e-06,8.2560186380121493e-06,False,1,Stable; pseudopotential not valid
1.5897719004234995e+17,6.9216224849001620e-06,True,True,3.4609320430780016e-06,5.0004226009925179e-01,1.7305793519525567e-06,8.4919315000320724e-06,False,1,Stable; pseudopotential not valid
1.6819243248808723e+17,7.1194053971126308e-06,True,True,3.5598279787122622e-06,5.0004238733791984e-01,1.7800300434791936e-06,8.7345854900589127e-06,False,1,Stable; pseudopotential not valid
1.7794184397600659e+17,7.3228394024408900e-06,True,True,3.6615496503051520e-06,5.0004251804088573e-01,1.8308936498335059e-06,8.9841732334816493e-06,False,1,Stable; pseudopotential not valid
1.8825638805018250e+17,7.5320866377465723e-06,True,True,3.7661781353551389e-06,5.0004265215445487e-01,1.8832107099190263e-06,9.2408928598927299e-06,False,1,Stable; pseudopotential not valid
1.9916882308176678e+17,7.7473139028628167e-06,True,True,3.8737968445262438e-06,5.0004278993220164e-01,1.9370229275257945e-06,9.5049481603688045e-06,False,1,Stable; pseudopotential not valid
2.1071380630761187e+17,7.9686893196356740e-06,True,True,3.9844898465509716e-06,5.0004293125835098e-01,1.9923723370974457e-06,9.7765487492458395e-06,False,1,Stable; pseudopotential not valid
2.2292800389955075e+17,8.1963928008731751e-06,True,True,4.0983471101670216e-06,5.0004307625648869e-01,2.0493039212346080e-06,1.0055910230516290e-05,False,1,Stable; pseudopotential not valid
2.3585020741397552e+17,8.4306011753501278e-06,True,True,4.2154570600440137e-06,5.0004322514817046e-01,2.1078618920282710e-06,1.0343254368982010e-05,False,1,Stable; pseudopotential not valid
2.4952145699146669e+17,8.6715035791284859e-06,True,True,4.3359142774894600e-06,5.0004337790508491e-01,2.1680935379349471e-06,1.0638809266296786e-05,False,1,Stable; pseudopotential not valid
2.6398517169781821e+17,8.9192849837003316e-06,True,True,4.4598112595593479e-06,5.0004353455248696e-01,2.2300451064224960e-06,1.0942809542039909e-05,False,1,Stable; pseudopotential not valid
2.7928728742037523e+17,9.1741525063798346e-06,True,True,4.5872515790950218e-06,5.0004369543108518e-01,2.2937683826700393e-06,1.1255496519963577e-05,False,1,Stable; pseudopotential not valid
2.9547640275764762e+17,9.4362992366044901e-06,True,True,4.7183317941993587e-06,5.0004386044505511e-01,2.3593116428404423e-06,1.1577118419562292e-05,False,1,Stable; pseudopotential not valid
3.1260393336553350e+17,9.7059370432877349e-06,True,True,4.8531578534831449e-06,5.0004402966180173e-01,2.4267278599926319e-06,1.1907930553116298e-05,False,1,Stable; pseudopotential not valid
3.3072427525034522e+17,9.9832802950037608e-06,True,True,4.9918369587494986e-06,5.0004420332515953e-01,2.4960706315469177e-06,1.2248195528365445e-05,False,1,Stable; pseudopotential not valid
3.4989497752726470e+17,1.0268548445279899e-05,True,True,5.1344788509875937e-06,5.0004438139978613e-01,2.5673948267399890e-06,1.2598183456974628e-05,False,1,Stable; pseudopotential not valid
3.7017692519283942e+17,1.0561967187306325e-05,True,True,5.2811963949628086e-06,5.0004456404447650e-01,2.6407568738071363e-06,1.2958172168955298e-05,False,1,Stable; pseudopotential not valid
3.9163453249210573e+17,1.0863770815509006e-05,True,True,5.4321067566366727e-06,5.0004475138255355e-01,2.7162153528416172e-06,1.3328447433215260e-05,False,1,Stable; pseudopotential not valid
4.1433594749432288e+17,1.1174198716077669e-05,True,True,5.5873296480555245e-06,5.0004494345027406e-01,2.7938301158226849e-06,1.3709303184409272e-05,False,1,Stable; pseudopotential not valid
4.3835326852715366e+17,1.1493496441937013e-05,True,True,5.7469878663727792e-06,5.0004514031352165e-01,2.8736625576136844e-06,1.4101041756272706e-05,False,1,Stable; pseudopotential not valid
4.6376277315661030e+17,1.1821917597234477e-05,True,True,5.9112082352607427e-06,5.0004534225574937e-01,2.9557760852188594e-06,1.4503974121622311e-05,False,1,Stable; pseudopotential not valid
4.9064516044001344e+17,1.2159724617565109e-05,True,True,6.0801219954374068e-06,5.0004554921597344e-01,3.0402363143031149e-06,1.4918420139214948e-05,False,1,Stable; pseudopotential not valid
5.1908580722134061e+17,1.2507182978004441e-05,True,True,6.2538619084237018e-06,5.0004576134449341e-01,3.1271096203252635e-06,1.5344708807660248e-05,False,1,Stable; pseudopotential not valid
5.4917503928293958e+17,1.2864570333416331e-05,True,True,6.4325668264637960e-06,5.0004597875736778e-01,3.2164654233218391e-06,1.5783178526588641e-05,False,1,Stable; pseudopotential not valid
5.8100841821479898e+17,1.3232168293021772e-05,True,True,6.6163775840549672e-06,5.0004620153924473e-01,3.3083741336053851e-06,1.6234177365282692e-05,False,1,Stable; pseudopotential not valid
6.1468704491235610e+17,1.3610271224534622e-05,True,True,6.8054413908348396e-06,5.0004642986712999e-01,3.4029093498317343e-06,1.6698063338982956e-05,False,1,Stable; pseudopotential not valid
6.5031788066692058e+17,1.3999177958692835e-05,True,True,6.9999076937498524e-06,5.0004666377763241e-01,3.5001457870597289e-06,1.7175204693091843e-05,False,1,Stable; pseudopotential not valid
6.8801408686824602e+17,1.4399197964076164e-05,True,True,7.1999312595514552e-06,5.0004690331493995e-01,3.6001608206777056e-06,1.7665980195495603e-05,False,1,Stable; pseudopotential not valid
7.2789538439831616e+17,1.4810647950684291e-05,True,True,7.4056704763725583e-06,5.0004714868391864e-01,3.7030336355551569e-06,1.8170779437241265e-05,False,1,Stable; pseudopotential not valid
7.7008843385765517e+17,1.5233854435303763e-05,True,True,7.6172886387665974e-06,5.0004740002658177e-01,3.8088458689979135e-06,1.8690003141804558e-05,False,1,Stable; pseudopotential not valid
8.1472723783176563e+17,1.5669154048764130e-05,True,True,7.8349541016054047e-06,5.0004765731531464e-01,3.9176816873395551e-06,1.9224063483195139e-05,False,1,Stable; pseudopotential not valid
8.6195356647530675e+17,1.6116890781382274e-05,True,True,8.0588388983206029e-06,5.0004792077683602e-01,4.0296270967865950e-06,1.9773384413151974e-05,False,1,Stable; pseudopotential not valid
9.1191740776549901e+17,1.6577422312107052e-05,True,True,8.2891219128659072e-06,5.0004819044589754e-01,4.1447715254065661e-06,2.0338401997687031e-05,False,1,Stable; pseudopotential not valid
9.6477744385501594e+17,1.7051113589700241e-05,True,True,8.5259856657251654e-06,5.0004846644644951e-01,4.2632062203525235e-06,2.0919564763247596e-05,False,1,Stable; pseudopotential not valid
1.0207015550368337e+18,1.7538339480306988e-05,True,True,8.7696176362841159e-06,5.0004874887255157e-01,4.3850249068286217e-06,2.1517334052767548e-05,False,1,Stable; pseudopotential not valid
1.0798673529220511e+18,1.8039487804340993e-05,True,True,9.0202117873735324e-06,5.0004903782267685e-01,4.5103245496427318e-06,2.2132184391895325e-05,False,1,Stable; pseudopotential not valid
1.1424627445235905e+18,1.8554955176789706e-05,True,True,9.2779664805110136e-06,5.0004933341825586e-01,4.6392043122344358e-06,2.2764603865684420e-05,False,1,Stable; pseudopotential not valid
1.2086865290376000e+18,1.9085152221352501e-05,True,True,9.5430870838082210e-06,5.0004963573624550e-01,4.7717668610849317e-06,2.3415094506049113e-05,False,1,Stable; pseudopotential not valid
1.2787490292177267e+18,1.9630498566941072e-05,True,True,9.8157834738800196e-06,5.0004994483923204e-01,4.9081171135542147e-06,2.4084172690291065e-05,False,1,Stable; pseudopotential not valid
1.3528727593475123e+18,2.0191427085757754e-05,False,False,nan,nan,nan,nan,False,0,Unstable
1.4312931319324201e+18,2.0768384100755659e-05,False,False,nan,nan,nan,nan,False,0,Unstable
1.5142592053556600e+18,2.1361826571897893e-05,False,False,nan,nan,nan,nan,False,0,Unstable
1.6020344748727944e+18,2.1972226277614998e-05,False,False,nan,nan,nan,nan,False,0,Unstable
1.6948977094566193e+18,2.2600066827595307e-05,False,False,nan,nan,nan,nan,False,0,Unstable
1.7931438371508301e+18,2.3245847582899535e-05,False,False,nan,nan,nan,nan,False,0,Unstable
1.8970848817435963e+18,2.3910080329412121e-05,False,False,nan,nan,nan,nan,False,0,Unstable
2.0070509537363963e+18,2.4593291844002517e-05,False,False,nan,nan,nan,nan,False,0,Unstable
2.1233912987550884e+18,2.5296025497849756e-05,False,False,nan,nan,nan,nan,False,0,Unstable
2.2464754067329787e+18,2.6018838767178302e-05,False,False,nan,nan,nan,nan,False,0,Unstable
2.3766941853887032e+18,2.6762305109831574e-05,False,False,nan,nan,nan,nan,False,0,Unstable
2.5144612017254072e+18,2.7527014012992937e-05,False,False,nan,nan,nan,nan,False,0,Unstable
2.6602139954949432e+18,2.8313573399793421e-05,False,False,nan,nan,nan,nan,False,0,Unstable
2.8144154687974676e+18,2.9122606737960109e-05,False,False,nan,nan,nan,nan,False,0,Unstable
2.9775553562309612e+18,2.9954756743268555e-05,False,False,nan,nan,nan,nan,False,0,Unstable
3.1501517802585999e+18,3.0810683357896756e-05,False,False,nan,nan,nan,nan,False,0,Unstable
3.3327528967346227e+18,3.1691066140757861e-05,False,False,nan,nan,nan,nan,False,0,Unstable
3.5259386358143068e+18,3.2596603342546731e-05,False,False,nan,nan,nan,nan,False,0,Unstable
3.7303225437772073e+18,3.3528014314271368e-05,False,False,nan,nan,nan,nan,False,0,Unstable
3.9465537316133632e+18,3.4486037225458496e-05,False,False,nan,nan,nan,nan,False,0,Unstable
4.1753189365603917e+18,3.5471433268554063e-05,False,False,nan,nan,nan,nan,False,0,Unstable
4.4173447031401006e+18,3.6484983361133765e-05,False,False,nan,nan,nan,nan,False,0,Unstable
4.6733996906196214e+18,3.7527493103099058e-05,False,False,nan,nan,nan,nan,False,0,Unstable
4.9442971142275052e+18,3.8599788630881980e-05,False,False,nan,nan,nan,nan,False,0,Unstable
5.2308973278759424e+18,3.9702720802423378e-05,False,False,nan,nan,nan,nan,False,0,Unstable
5.5341105565931889e+18,4.0837165749081861e-05,False,False,nan,nan,nan,nan,False,0,Unstable
5.8548997873434296e+18,4.2004022421395937e-05,False,False,nan,nan,nan,nan,False,0,Unstable
6.1942838274153708e+18,4.3204217489333002e-05,False,False,nan,nan,nan,nan,False,0,Unstable
6.5533405400931113e+18,4.4438702417665845e-05,False,False,nan,nan,nan,nan,False,0,Unstable
6.9332102678845041e+18,4.5708457519118643e-05,False,False,nan,nan,nan,nan,False,0,Unstable
7.3350994541811077e+18,4.7014489240971216e-05,False,False,nan,nan,nan,nan,False,0,Unstable
7.7602844748488991e+18,4.8357834226689259e-05,False,False,nan,nan,nan,nan,False,0,Unstable
8.2101156919220746e+18,4.9739557959259740e-05,False,False,nan,nan,nan,nan,False,0,Unstable
8.6860217422709299e+18,5.1160756400075683e-05,False,False,nan,nan,nan,nan,False,0,Unstable
9.1895140748668774e+18,5.2622557004966644e-05,False,False,nan,nan,nan,nan,False,0,Unstable
9.7221917510533448e+18,5.4126119190033084e-05,False,False,nan,nan,nan,nan,False,0,Unstable
1.0285746523068273e+19,5.5672635657802665e-05,False,False,nan,nan,nan,nan,False,0,Unstable
1.0881968206947815e+19,5.7263332732145815e-05,False,False,nan,nan,nan,nan,False,0,Unstable
1.1512750366873403e+19,5.8899472021516173e-05,False,False,nan,nan,nan,nan,False,0,Unstable
1.2180096329018837e+19,6.0582351130790646e-05,False,False,nan,nan,nan,nan,False,0,Unstable
1.2886125543992652e+19,6.2313304550611466e-05,False,False,nan,nan,nan,nan,False,0,Unstable
1.3633080318086136e+19,6.4093704452863120e-05,False,False,nan,nan,nan,nan,False,0,Unstable
1.4423332934703061e+19,6.5924962736598329e-05,False,False,nan,nan,nan,nan,False,0,Unstable
1.5259393188588974e+19,6.7808531040317336e-05,False,False,nan,nan,nan,nan,False,0,Unstable
1.6143916356788263e+19,6.9745903065984802e-05,False,False,nan,nan,nan,nan,False,0,Unstable
1.7079711631644074e+19,7.1738614377436725e-05,False,False,nan,nan,nan,nan,False,0,Unstable
1.8069751042624825e+19,7.3788243965958782e-05,False,False,nan,nan,nan,nan,False,0,Unstable
1.9117178895309341e+19,7.5896416860074122e-05,False,False,nan,nan,nan,nan,False,0,Unstable
2.0225321757514154e+19,7.8064803409477458e-05,False,False,nan,nan,nan,nan,False,0,Unstable
2.1397699024271028e+19,8.0295121987303427e-05,False,False,nan,nan,nan,nan,False,0,Unstable
2.2638034095214510e+19,8.2589139885054134e-05,False,False,nan,nan,nan,nan,False,0,Unstable
2.3950266199874908e+19,8.4948674331471562e-05,False,False,nan,nan,nan,nan,False,0,Unstable
2.5338562908434170e+19,8.7375594456399615e-05,False,False,nan,nan,nan,nan,False,0,Unstable
2.6807333367677944e+19,8.9871822461639356e-05,False,False,nan,nan,nan,nan,False,0,Unstable
2.8361242304180158e+19,9.2439335260359432e-05,False,False,nan,nan,nan,nan,False,0,Unstable
3.0005224839195009e+19,9.5080166094439734e-05,False,False,nan,nan,nan,nan,False,0,Unstable
3.1744502162302439e+19,9.7796405401889532e-05,False,False,nan,nan,nan,nan,False,0,Unstable
3.3584598113595331e+19,1.0059020381426043e-04,False,False,nan,nan,nan,nan,False,0,Unstable
3.5531356727060488e+19,1.0346377219094505e-04,False,False,nan,nan,nan,nan,False,0,Unstable
3.7590960790880068e+19,1.0641938444102350e-04,False,False,nan,nan,nan,nan,False,0,Unstable
3.9769951483594433e+19,1.0945937933497838e-04,False,False,nan,nan,nan,nan,False,0,Unstable
4.2075249148491194e+19,1.1258616145433709e-04,False,False,nan,nan,nan,nan,False,0,Unstable
4.4514175272200626e+19,1.1580220369370974e-04,False,False,nan,nan,nan,nan,False,0,Unstable
4.7094475737292726e+19,1.1911004897719410e-04,False,False,nan,nan,nan,nan,False,0,Unstable
4.9824345422739423e+19,1.2251231224838478e-04,False,False,nan,nan,nan,nan,False,0,Unstable
5.2712454230350914e+19,1.2601168246743926e-04,False,False,nan,nan,nan,nan,False,0,Unstable
5.5767974619867881e+19,1.2961092441473289e-04,False,False,nan,nan,nan,nan,False,0,Unstable
5.9000610740137116e+19,1.3331288151547567e-04,False,False,nan,nan,nan,nan,False,0,Unstable
6.2420629248906191e+19,1.3712047680412259e-04,False,False,nan,nan,nan,nan,False,0,Unstable
6.6038891919110119e+19,1.4103671640016012e-04,False,False,nan,nan,nan,nan,False,0,Unstable
6.9866890135207879e+19,1.4506469088446355e-04,False,False,nan,nan,nan,nan,False,0,Unstable
7.3916781389130629e+19,1.4920757802939217e-04,False,False,nan,nan,nan,nan,False,0,Unstable
7.8201427891737985e+19,1.5346864507154441e-04,False,False,nan,nan,nan,nan,False,0,Unstable
8.2734437422434451e+19,1.5785125120004972e-04,False,False,nan,nan,nan,nan,False,0,Unstable
8.7530206546647794e+19,1.6235884993430757e-04,False,False,nan,nan,nan,nan,False,0,Unstable
9.2603966338464137e+19,1.6699499190377947e-04,False,False,nan,nan,nan,nan,False,0,Unstable
9.7971830753595097e+19,1.7176332713669470e-04,False,False,nan,nan,nan,nan,False,0,Unstable
1.0365084780633465e+20,1.7666760821698115e-04,False,False,nan,nan,nan,nan,False,0,Unstable
1.0965905371302568e+20,1.8171169248721163e-04,False,False,nan,nan,nan,nan,False,0,Unstable
1.1601553017399668e+20,1.8689954523201172e-04,False,False,nan,nan,nan,nan,False,0,Unstable
1.2274046497589805e+20,1.9223524248002151e-04,False,False,nan,nan,nan,nan,False,0,Unstable
1.2985521610688704e+20,1.9772297378836253e-04,False,False,nan,nan,nan,nan,False,0,Unstable
1.3738237958832723e+20,2.0336704533155370e-04,False,False,nan,nan,nan,nan,False,0,Unstable
1.4534586123837591e+20,2.0917188314664118e-04,False,False,nan,nan,nan,nan,False,0,Unstable
1.5377095259543991e+20,2.1514203586329447e-04,False,False,nan,nan,nan,nan,False,0,Unstable
1.6268441124256704e+20,2.2128217821787118e-04,False,False,nan,nan,nan,nan,False,0,Unstable
1.7211454578792487e+20,2.2759711434924213e-04,False,False,nan,nan,nan,nan,False,0,Unstable
1.8209130577123548e+20,2.3409178053277442e-04,False,False,nan,nan,nan,nan,False,0,Unstable
1.9264637678170912e+20,2.4077124935821225e-04,False,False,nan,nan,nan,nan,False,0,Unstable
2.0381328108957650e+20,2.4764073256529828e-04,False,False,nan,nan,nan,nan,False,0,Unstable
2.1562748411078374e+20,2.5470558482043929e-04,False,False,nan,nan,nan,nan,False,0,Unstable
2.2812650704304341e+20,2.6197130716869494e-04,False,False,nan,nan,nan,nan,False,0,Unstable
2.4135004603087251e+20,2.6944355053825714e-04,False,False,nan,nan,nan,nan,False,0,Unstable
2.5534009823818518e+20,2.7712811972719449e-04,False,False,nan,nan,nan,nan,False,0,Unstable
2.7014109522873729e+20,2.8503097654162423e-04,False,False,nan,nan,nan,nan,False,0,Unstable
2.8580004407810785e+20,2.9315824415380136e-04,False,False,nan,nan,nan,nan,False,0,Unstable
3.0236667666533987e+20,3.0151621038125792e-04,False,False,nan,nan,nan,nan,False,0,Unstable
3.1989360761839223e+20,3.1011133182287068e-04,False,False,nan,nan,nan,nan,False,0,Unstable
3.3843650141504432e+20,3.1895023753086794e-04,False,False,nan,nan,nan,nan,False,0,Unstable
3.5805424916989818e+20,3.2803973295899024e-04,False,False,nan,nan,nan,nan,False,0,Unstable
3.7880915566905419e+20,3.3738680380536787e-04,False,False,nan,nan,nan,nan,False,0,Unstable
4.0076713724631653e+20,3.4699861996365236e-04,False,False,nan,nan,nan,nan,False,0,Unstable
4.2399793112954628e+20,3.5688253931805808e-04,False,False,nan,nan,nan,nan,False,0,Unstable
4.4857531692186619e+20,3.6704611173963777e-04,False,False,nan,nan,nan,nan,False,0,Unstable
4.7457735092125473e+20,3.7749708284308230e-04,False,False,nan,nan,nan,nan,False,0,Unstable
5.0208661402264745e+20,3.8824339790151168e-04,False,False,nan,nan,nan,nan,False,0,Unstable
5.3119047398988415e+20,3.9929320562617332e-04,False,False,nan,nan,nan,nan,False,0,Unstable
5.6198136293049021e+20,4.1065486169986087e-04,False,False,nan,nan,nan,nan,False,0,Unstable
5.9455707085443826e+20,4.2233693263086971e-04,False,False,nan,nan,nan,nan,False,0,Unstable
6.2902105624939646e+20,4.3434819925744961e-04,False,False,nan,nan,nan,nan,False,0,Unstable
6.6548277465860853e+20,4.4669766013689249e-04,False,False,nan,nan,nan,nan,False,0,Unstable
7.0405802630513322e+20,4.5939453456181773e-04,False,False,nan,nan,nan,nan,False,0,Unstable
7.4486932386637912e+20,4.7244826617605021e-04,False,False,nan,nan,nan,nan,False,0,Unstable
7.8804628156699365e+20,4.8586852537946685e-04,False,False,nan,nan,nan,nan,False,0,Unstable
8.3372602682583902e+20,4.9966521232254393e-04,False,False,nan,nan,nan,nan,False,0,Unstable
8.8205363576441419e+20,5.1384845911974658e-04,False,False,nan,nan,nan,nan,False,0,Unstable
9.3318259395992040e+20,5.2842863207768810e-04,False,False,nan,nan,nan,nan,False,0,Unstable
9.8727528390613585e+20,5.4341633332599432e-04,False,False,nan,nan,nan,nan,False,0,Unstable
1.0445035007305465e+21,5.5882240234117367e-04,False,False,nan,nan,nan,nan,False,0,Unstable
1.1050489978052478e+21,5.7465791661035035e-04,False,False,nan,nan,nan,nan,False,0,Unstable
1.1691040639847523e+21,5.9093419237432534e-04,False,False,nan,nan,nan,nan,False,0,Unstable
1.2368721343038106e+21,6.0766278413792400e-04,False,False,nan,nan,nan,nan,False,0,Unstable
1.3085684360748369e+21,6.2485548424522162e-04,False,False,nan,nan,nan,nan,False,0,Unstable
1.3844206724368997e+21,6.4252432103502626e-04,False,False,nan,nan,nan,nan,False,0,Unstable
1.4646697455271729e+21,6.6068155676980516e-04,False,False,nan,nan,nan,nan,False,0,Unstable
1.5495705215716843e+21,6.7933968441967409e-04,False,False,nan,nan,nan,nan,False,0,Unstable
1.6393926403249755e+21,6.9851142353222391e-04,False,False,nan,nan,nan,nan,False,0,Unstable
1.7344213714299068e+21,7.1820971493512752e-04,False,False,nan,nan,nan,nan,False,0,Unstable
1.8349585204167332e+21,7.3844771433652411e-04,False,False,nan,nan,nan,nan,False,0,Unstable
1.9413233872193674e+21,7.5923878443207385e-04,False,False,nan,nan,nan,nan,False,0,Unstable
2.0538537802527374e+21,7.8059648570740652e-04,False,False,nan,nan,nan,nan,False,0,Unstable
2.1729070892719640e+21,8.0253456532003648e-04,False,False,nan,nan,nan,nan,False,0,Unstable
2.2988614204207991e+21,8.2506694445793087e-04,False,False,nan,nan,nan,nan,False,0,Unstable
2.4321167970737843e+21,8.4820770333665749e-04,False,False,nan,nan,nan,nan,False,0,Unstable
2.5730964302866861e+21,8.7197106420352220e-04,False,False,nan,nan,nan,nan,False,0,Unstable
2.7222480628890290e+21,8.9637137169937221e-04,False,False,nan,nan,nan,nan,False,0,Unstable
2.8800453914886752e+21,9.2142307054531719e-04,False,False,nan,nan,nan,nan,False,0,Unstable
3.0469895709035111e+21,9.4714068012376532e-04,False,False,nan,nan,nan,nan,False,0,Unstable
3.2236108057990896e+21,9.7353876579620838e-04,False,False,nan,nan,nan,nan,False,0,Unstable
3.4104700345867142e+21,1.0006319063778784e-03,False,False,nan,nan,nan,nan,False,0,Unstable
3.6081607109300422e+21,1.0284346576540609e-03,False,False,nan,nan,nan,nan,False,0,Unstable
3.8173106885183469e+21,1.0569615112580022e-03,False,False,nan,nan,nan,nan,False,0,Unstable
4.0385842150917171e+21,1.0862268485729569e-03,False,False,nan,nan,nan,nan,False,0,Unstable
4.2726840420523599e+21,1.1162448892390387e-03,False,False,nan,nan,nan,nan,False,0,Unstable
4.5203536563602404e+21,1.1470296333365533e-03,False,False,nan,nan,nan,nan,False,0,Unstable
4.7823796418034218e+21,1.1785947970134076e-03,False,False,nan,nan,nan,nan,False,0,Unstable
5.0595941771404525e+21,1.2109537405639271e-03,False,False,nan,nan,nan,nan,False,0,Unstable
5.3528776790501879e+21,1.2441193883581058e-03,False,False,nan,nan,nan,nan,False,0,Unstable
5.6631615982821389e+21,1.2781041396214407e-03,False,False,nan,nan,nan,nan,False,0,Unstable
5.9914313778879361e+21,1.3129197690703799e-03,False,False,nan,nan,nan,nan,False,0,Unstable
6.3387295829293982e+21,1.3485773165833937e-03,False,False,nan,nan,nan,nan,False,0,Unstable
6.7061592116018649e+21,1.3850869643317442e-03,False,False,nan,nan,nan,nan,False,0,Unstable
7.0948871982908503e+21,1.4224579003499541e-03,False,False,nan,nan,nan,nan,False,0,Unstable
7.5061481196845500e+21,1.4606981668613770e-03,False,False,nan,nan,nan,nan,False,0,Unstable
7.9412481157159421e+21,1.4998144918473924e-03,False,False,nan,nan,nan,nan,False,0,Unstable
8.4015690377839583e+21,1.5398121017446591e-03,False,False,nan,nan,nan,nan,False,0,Unstable
8.8885728374306520e+21,1.5806945135794224e-03,False,False,nan,nan,nan,nan,False,0,Unstable
9.4038062094112386e+21,1.6224633036396822e-03,False,False,nan,nan,nan,nan,False,0,Unstable
9.9489055039034638e+21,1.6651178506769118e-03,False,False,nan,nan,nan,nan,False,0,Unstable
1.0525601923457685e+22,1.7086550500163386e-03,False,False,nan,nan,nan,nan,False,0,Unstable
1.1135727021191066e+22,1.7530689956907844e-03,False,False,nan,nan,nan,nan,False,0,Unstable
1.1781218517691302e+22,1.7983506265230199e-03,False,False,nan,nan,nan,nan,False,0,Unstable
1.2464126455099165e+22,1.8444873319016578e-03,False,False,nan,nan,nan,nan,False,0,Unstable
1.3186619707920336e+22,1.8914625122065131e-03,False,False,nan,nan,nan,nan,False,0,Unstable
1.3950992871239251e+22,1.9392550884534772e-03,False,False,nan,nan,nan,nan,False,0,Unstable
1.4759673548215455e+22,1.9878389544528692e-03,False,False,nan,nan,nan,nan,False,0,Unstable
1.5615230060005029e+22,2.0371823642578485e-03,False,False,nan,nan,nan,nan,False,0,Unstable
1.6520379602593854e+22,2.0872472462152018e-03,False,False,nan,nan,nan,nan,False,0,Unstable
1.7477996876449198e+22,2.1379884338324959e-03,False,False,nan,nan,nan,nan,False,0,Unstable
1.8491123216393869e+22,2.1893528018645894e-03,False,False,nan,nan,nan,nan,False,0,Unstable
1.9562976250704662e+22,2.2412782944099706e-03,False,False,nan,nan,nan,nan,False,0,Unstable
2.0696960120103744e+22,2.2936928290788320e-03,False,False,nan,nan,nan,nan,False,0,Unstable
2.1896676289107011e+22,2.3465130590840481e-03,False,False,nan,nan,nan,nan,False,0,Unstable
2.3165934984056866e+22,2.3996429711072510e-03,False,False,nan,nan,nan,nan,False,0,Unstable
2.4508767294172567e+22,2.4529722933413906e-03,False,False,nan,nan,nan,nan,False,0,Unstable
2.5929437974046777e+22,2.5063746824150429e-03,False,False,nan,nan,nan,nan,False,0,Unstable
2.7432458988249254e+22,2.5597056520107442e-03,False,False,nan,nan,nan,nan,False,0,Unstable
2.9022603841055855e+22,2.6128001978793294e-03,False,False,nan,nan,nan,nan,False,0,Unstable
3.0704922736808323e+22,2.6654700641642508e-03,False,False,nan,nan,nan,nan,False,0,Unstable
3.2484758619062526e+22,2.7175005830853008e-03,False,False,nan,nan,nan,nan,False,0,Unstable
3.4367764139453029e+22,2.7686470039650995e-03,False,False,nan,nan,nan,nan,False,0,Unstable
3.6359919610175638e+22,2.8186302062883665e-03,False,False,nan,nan,nan,nan,False,0,Unstable
3.8467551997098746e+22,2.8671316639622161e-03,False,False,nan,nan,nan,nan,False,0,Unstable
4.0697355013826103e+22,2.9137874910655772e-03,False,False,nan,nan,nan,nan,False,0,Unstable
4.3056410380528362e+22,2.9581813500374689e-03,False,False,nan,nan,nan,nan,False,0,Unstable
4.5552210315059673e+22,2.9998359358549866e-03,False,False,nan,nan,nan,nan,False,0,Unstable
4.8192681327792566e+22,3.0382026567734909e-03,False,False,nan,nan,nan,nan,False,0,Unstable
5.0986209395733590e+22,3.0726490009347486e-03,False,False,nan,nan,nan,nan,False,0,Unstable
5.3941666595886957e+22,3.1024428907311685e-03,False,False,nan,nan,nan,nan,False,0,Unstable
5.7068439282432795e+22,3.1267330524895453e-03,False,False,nan,nan,nan,nan,False,0,Unstable
6.0376457897225031e+22,3.1445240195023625e-03,False,False,nan,nan,nan,nan,False,0,Unstable
6.3876228508276616e+22,3.1546437587879083e-03,False,False,nan,nan,nan,nan,False,0,Unstable
6.7578866176399178e+22,3.1557009233883727e-03,False,False,nan,nan,nan,nan,False,0,Unstable
7.1496130255967184e+22,3.1460271235869289e-03,False,False,nan,nan,nan,nan,False,0,Unstable
7.5640461741918987e+22,3.1235968957956171e-03,False,False,nan,nan,nan,nan,False,0,Unstable
8.0025022781611020e+22,3.0859132662064137e-03,False,False,nan,nan,nan,nan,False,0,Unstable
8.4663738476998737e+22,3.0298379477833636e-03,False,False,nan,nan,nan,nan,False,0,Unstable
8.9571341109931197e+22,2.9513277760615663e-03,False,False,nan,nan,nan,nan,False,0,Unstable
9.4763416930984319e+22,2.8450020468172152e-03,False,False,nan,nan,nan,nan,False,0,Unstable
1.0025645566045787e+23,2.7033795005615919e-03,False,False,nan,nan,nan,nan,False,0,Unstable
1.0606790285873402e+23,2.5153980711183107e-03,False,False,nan,nan,nan,nan,False,0,Unstable
1.1221621533232611e+23,2.2631301908298054e-03,False,False,nan,nan,nan,nan,False,0,Unstable
1.1872091975158982e+23,1.9128126475411815e-03,False,False,nan,nan,nan,nan,False,0,Unstable
1.2560267466624278e+23,1.3788438002137633e-03,False,False,nan,nan,nan,nan,False,0,Unstable
1.3288333611568927e+23,0.0000000000000000e+00,True,True,2.2527950862212699e-03,5.6193996863202823e-04,1.2659356000855675e-06,7.7637999333153599e-03,True,2,Stable; pseudopotential valid
1.4058602704246992e+23,0.0000000000000000e+00,True,True,2.3843084131249868e-03,5.9462890825963161e-04,1.4177787086507657e-06,7.9856478169896133e-03,True,2,Stable; pseudopotential valid
1.4873521072935117e+23,0.0000000000000000e+00,True,True,2.5235481391479866e-03,6.2922549434272102e-04,1.5878808253530455e-06,8.2138349268048982e-03,True,2,Stable; pseudopotential valid
1.5735676849322709e+23,0.0000000000000000e+00,True,True,2.6709751186948902e-03,6.6584191165060995e-04,1.7784471790030207e-06,8.4485424039440603e-03,True,2,Stable; pseudopotential valid
1.6647808188262941e+23,0.0000000000000000e+00,True,True,2.8270783984605486e-03,7.0459702908787897e-04,1.9919510405538215e-06,8.6899565656362900e-03,True,2,Stable; pseudopotential valid
1.7612811963987657e+23,0.0000000000000000e+00,True,True,2.9923770508003818e-03,7.4561681178432124e-04,2.2311666362743506e-06,8.9382690530607177e-03,True,2,Stable; pseudopotential valid
1.8633752970405417e+23,0.0000000000000000e+00,True,True,3.1674221330172674e-03,7.8903475877826449e-04,2.4992061586742156e-06,9.1936769834768985e-03,True,2,Stable; pseudopotential valid
1.9713873654703247e+23,0.0000000000000000e+00,True,True,3.3527987837789646e-03,8.3499236923034205e-04,2.7995614000202072e-06,9.4563831067011085e-03,True,2,Stable; pseudopotential valid
2.0856604415162038e+23,0.0000000000000000e+00,True,True,3.5491284685349633e-03,8.8363963884950170e-04,3.1361505981667197e-06,9.7265959660552508e-03,True,2,Stable; pseudopotential valid
2.2065574495897407e+23,0.0000000000000000e+00,True,True,3.7570713867092834e-03,9.3513558868058206e-04,3.5133711629253567e-06,1.0004530063914354e-02,True,2,Stable; pseudopotential valid
2.3344623513117890e+23,0.0000000000000000e+00,True,True,3.9773290544975566e-03,9.8964882900143378e-04,3.9361590413368867e-06,1.0290406031983909e-02,True,2,Stable; pseudopotential valid
2.4697813649517542e+23,0.0000000000000000e+00,True,True,4.2106470783584192e-03,1.0473581606552716e-03,4.4100555791579677e-06,1.0584450806443966e-02,True,2,Stable; pseudopotential valid
2.6129442555521694e+23,0.0000000000000000e+00,True,True,4.4578181357075525e-03,1.1084532167061512e-03,4.9412828520160543e-06,1.0886897808096865e-02,True,2,Stable; pseudopotential valid
2.7644056998366949e+23,0.0000000000000000e+00,True,True,4.7196851809319850e-03,1.1731351474510139e-03,5.5368285706550099e-06,1.1492311908249916e-02,True,2,Stable; pseudopotential valid
2.9246467302360055e+23,0.0000000000000000e+00,True,True,4.9971448966620296e-03,1.2416173520320053e-03,6.2045418143137579e-06,1.2264265729582353e-02,True,2,Stable; pseudopotential valid
3.0941762626178150e+23,0.0000000000000000e+00,True,True,5.2911514122638455e-03,1.3141262603481203e-03,6.9532410183339623e-06,1.3080107339089221e-02,True,2,Stable; pseudopotential valid
3.2735327125731637e+23,0.0000000000000000e+00,True,True,5.6027203138151026e-03,1.3909021689543486e-03,7.7928358365300149e-06,1.3942452421674557e-02,True,2,Stable; pseudopotential valid
3.4632857053916506e+23,0.0000000000000000e+00,True,True,5.9329329723842722e-03,1.4722001355076111e-03,8.7344647259017003e-06,1.4854062456372333e-02,True,2,Stable; pseudopotential valid
3.6640378851574601e+23,0.0000000000000000e+00,True,True,6.2829412203297174e-03,1.5582909359604096e-03,9.7906503548118330e-06,1.5817854085481652e-02,True,2,Stable; pseudopotential valid
3.8764268287102605e+23,0.0000000000000000e+00,True,True,6.6539724085818534e-03,1.6494620900212762e-03,1.0975475236003329e-05,1.6836908933092608e-02,True,2,Stable; pseudopotential valid
4.1011270705513047e+23,0.0000000000000000e+00,True,True,7.0473348815366299e-03,1.7460189600073050e-03,1.2304780320683790e-05,1.7914483924088530e-02,True,2,Stable; pseudopotential valid
4.3388522451240780e+23,0.0000000000000000e+00,True,True,7.4644239103197774e-03,1.8482859295242816e-03,1.3796389685448664e-05,1.9054022154572577e-02,True,2,Stable; pseudopotential valid
4.5903573532744909e+23,0.0000000000000000e+00,True,True,7.9067281298611462e-03,1.9566076681317500e-03,1.5470364888719326e-05,2.0259164365221481e-02,True,2,Stable; pseudopotential valid
4.8564411600880893e+23,0.0000000000000000e+00,True,True,8.3758365305000981e-03,2.0713504899244205e-03,1.7349293100978238e-05,2.1533761070675006e-02,True,2,Stable; pseudopotential valid
5.1379487317198492e+23,0.0000000000000000e+00,True,True,8.8734460608615364e-03,2.1929038135425631e-03,1.9458613706127498e-05,2.2881885400700904e-02,True,2,Stable; pseudopotential valid
5.4357741192736296e+23,0.0000000000000000e+00,True,True,9.4013699055427759e-03,2.3216817325572088e-03,2.1826988770711755e-05,2.4307846711971174e-02,True,2,Stable; pseudopotential valid
5.7508631982541996e+23,0.0000000000000000e+00,True,True,9.9615465089360842e-03,2.4581247061608840e-03,2.4486723585186491e-05,2.5816205033548152e-02,True,2,Stable; pseudopotential valid
6.0842166726115648e+23,0.0000000000000000e+00,True,True,1.0556049425360111e-02,2.6027013807655959e-03,2.7474244414814639e-05,2.7411786414072818e-02,True,2,Stable; pseudopotential valid
6.4368932529157486e+23,0.0000000000000000e+00,True,True,1.1187098085806103e-02,2.7559105544488222e-03,3.0830641688327252e-05,2.9099699244602418e-02,True,2,Stable; pseudopotential valid
6.8100130187585570e+23,0.0000000000000000e+00,True,True,1.1857069583209244e-02,2.9182832974641664e-03,3.4602288121549939e-05,3.0885351637920007e-02,True,2,Stable; pseudopotential valid
7.2047609760584045e+23,0.0000000000000000e+00,True,True,1.2568511591471175e-02,3.0903852434538584e-03,3.8841542754461291e-05,3.2774469953228628e-02,True,2,Stable; pseudopotential valid
7.6223908205680379e+23,0.0000000000000000e+00,True,True,1.3324156548803808e-02,3.2728190676090522e-03,4.3607553612733128e-05,3.4773118564598131e-02,True,2,Stable; pseudopotential valid
8.0642289195367330e+23,0.0000000000000000e+00,True,True,1.4126937253641123e-02,3.4662271700143950e-03,4.8967173737659405e-05,3.6887720982367200e-02,True,2,Stable; pseudopotential valid
8.5316785241727792e+23,0.0000000000000000e+00,True,True,1.4980004041838468e-02,3.6712945842758723e-03,5.4996007711232247e-05,3.9125082449566431e-02,True,2,Stable; pseudopotential valid
9.0262242262852021e+23,0.0000000000000000e+00,True,True,1.5886743737594609e-02,3.8887521341878545e-03,6.1779608614866572e-05,4.1492414150139753e-02,True,2,Stable; pseudopotential valid
9.5494366732572195e+23,0.0000000000000000e+00,True,True,1.6850800598124493e-02,4.1193798636947557e-03,6.9414848671049570e-05,4.3997359183047209e-02,True,2,Stable; pseudopotential valid
1.0102977556328796e+24,0.0000000000000000e+00,True,True,1.7876099504300136e-02,4.3640107686324829e-03,7.8011490737911593e-05,4.6648020476727260e-02,True,2,Stable; pseudopotential valid
1.0688604888027205e+24,0.0000000000000000e+00,True,True,1.8966871687100706e-02,4.6235348623766782e-03,8.7693992475535270e-05,4.9452990841955181e-02,True,2,Stable; pseudopotential valid
1.1308178585509368e+24,0.0000000000000000e+00,True,True,2.0127683323890404e-02,4.8989036113135046e-03,9.8603580522781313e-05,5.2421385389202040e-02,True,2,Stable; pseudopotential valid
1.1963666377546726e+24,0.0000000000000000e+00,True,True,2.1363467390561344e-02,5.1911347811884282e-03,1.1090063861792780e-04,5.5562876569522808e-02,True,2,Stable; pseudopotential valid
1.2657150053913378e+24,0.0000000000000000e+00,True,True,2.2679559216984939e-02,5.5013177404754079e-03,1.2476746146656181e-04,5.8887732137005946e-02,True,2,Stable; pseudopotential valid
1.3390832077025103e+24,0.0000000000000000e+00,True,True,2.4081736266106452e-02,5.8306192734952520e-03,1.4041143561238989e-04,6.2406856377159113e-02,True,2,Stable; pseudopotential valid
1.4167042576827432e+24,0.0000000000000000e+00,True,True,2.5576262743693807e-02,6.1802899632052259e-03,1.5806871993115062e-04,6.6131835000711972e-02,True,2,Stable; pseudopotential valid
1.4988246751147977e+24,0.0000000000000000e+00,True,True,2.7169939749399279e-02,6.5516712123258585e-03,1.7800851209676732e-04,7.0074984168354809e-02,True,2,Stable; pseudopotential valid
1.5857052695016837e+24,0.0000000000000000e+00,True,True,2.8870161804114471e-02,6.9462029814554094e-03,2.0053800399884002e-04,7.4249404190928514e-02,True,2,Stable; pseudopotential valid
1.6776219683818723e+24,0.0000000000000000e+00,True,True,3.0684980738500300e-02,7.3654323347554689e-03,2.2600814932269885e-04,7.8669038544921285e-02,True,2,Stable; pseudopotential valid
1.7748666936585969e+24,0.0000000000000000e+00,True,True,3.2623178109044096e-02,7.8110228979518933e-03,2.5482039121370634e-04,8.3348738958240354e-02,True,2,Stable; pseudopotential valid
1.8777482887262357e+24,0.0000000000000000e+00,True,True,3.4694347528826261e-02,8.2847653498974941e-03,2.8743452824412155e-04,8.8304337461026450e-02,True,2,Stable; pseudopotential valid
1.9865934993383430e+24,0.0000000000000000e+00,True,True,3.6908988570281000e-02,8.7885890892104371e-03,3.2437793424256427e-04,9.3552726466770944e-02,True,2,Stable; pseudopotential valid
2.1017480113324956e+24,0.0000000000000000e+00,True,True,3.9278614229342479e-02,9.3245752411876739e-03,3.6625639375108878e-04,9.9111948157805746e-02,True,2,Stable; pseudopotential valid
2.2235775485077073e+24,0.0000000000000000e+00,True,True,4.1815874351100152e-02,9.8949711994650198e-03,4.1376687238458399e-04,1.0500129470639205e-01,True,2,Stable; pseudopotential valid
2.3524690341412006e+24,0.0000000000000000e+00,True,True,4.4534697928099776e-02,1.0502206931718466e-02,4.6771261328247744e-04,1.1124142118094868e-01,True,2,Stable; pseudopotential valid
2.4888318198334275e+24,0.0000000000000000e+00,True,True,4.7450457822260553e-02,1.1148913322119376e-02,5.2902104135526423e-04,1.1785447338323500e-01,True,2,Stable; pseudopotential valid
2.6330989855841926e+24,0.0000000000000000e+00,True,True,5.0580162267929926e-02,1.1837942875724440e-02,5.9876507157262718e-04,1.2486423335873312e-01,True,2,Stable; pseudopotential valid
2.7857287152285485e+24,0.0000000000000000e+00,True,True,5.3942678537633362e-02,1.2572393175879800e-02,6.7818856353521939e-04,1.3229628594845441e-01,True,2,Stable; pseudopotential valid
2.9472057516011549e+24,0.0000000000000000e+00,True,True,5.7558995462134076e-02,1.3355633567402084e-02,7.6873685190002210e-04,1.4017821054537705e-01,True,2,Stable; pseudopotential valid
3.1180429360503271e+24,0.0000000000000000e+00,True,True,6.1452533186046418e-02,1.4191335641270187e-02,8.7209352444947950e-04,1.4853980323607338e-01,True,2,Stable; pseudopotential valid
3.2987828371912899e+24,0.0000000000000000e+00,True,True,6.5649510738406372e-02,1.5083508227494120e-02,9.9022493535371597e-04,1.5741333582088143e-01,True,2,Stable; pseudopotential valid
3.4899994740714411e+24,0.0000000000000000e+00,True,True,7.0179384883872584e-02,1.6036537770219884e-02,1.1254343563810211e-03,1.6683385991510011e-01,True,2,Stable; pseudopotential valid
3.6923001392203005e+24,0.0000000000000000e+00,True,True,7.5075377548004182e-02,1.7055235176057785e-02,1.2804282200125398e-03,1.7683956658043098e-01,True,2,Stable; pseudopotential valid
3.9063273273740259e+24,0.0000000000000000e+00,True,True,8.0375114240942999e-02,1.8144890510248510e-02,1.4583976476506264e-03,1.8747221492034960e-01,True,2,Stable; pseudopotential valid
4.1327607759999942e+24,0.0000000000000000e+00,True,True,8.6121402861384783e-02,1.9311337290464737e-02,1.6631194585841965e-03,1.9877764708266718e-01,True,2,Stable; pseudopotential valid
4.3723196241022160e+24,0.0000000000000000e+00,True,True,9.2363191815951290e-02,2.0561028630987348e-02,1.8990822313771506e-03,2.1080641256614815e-01,True,2,Stable; pseudopotential valid
4.6257646961633303e+24,0.0000000000000000e+00,True,True,9.9156759685755186e-02,2.1901128172758012e-02,2.1716449030730889e-03,2.2361453224596012e-01,True,2,Stable; pseudopotential valid
4.8939009184774986e+24,0.0000000000000000e+00,True,True,1.0656720745543201e-01,2.3339619676269293e-02,2.4872380919718725e-03,2.3726444304977681e-01,False,1,Stable; pseudopotential not valid
5.1775798755478355e+24,0.0000000000000000e+00,True,True,1.1467035128862750e-01,2.4885440473162341e-02,2.8536222010297541e-03,2.5182617916770911e-01,False,1,Stable; pseudopotential not valid
5.4777025146675321e+24,0.0000000000000000e+00,True,True,1.2355515325331411e-01,2.6548645853691513e-02,3.2802220071208171e-03,2.6737886731564059e-01,False,1,Stable; pseudopotential not valid
5.7952220072742340e+24,0.0000000000000000e+00,True,True,1.3332688616976554e-01,2.8340614204407158e-02,3.7785658440122340e-03,2.8401264550361544e-01,False,1,Stable; pseudopotential not valid
6.1311467761651549e+24,0.0000000000000000e+00,True,True,1.4411131832273830e-01,3.0274306781633779e-02,4.3628702616082607e-03,3.0183116293132001e-01,False,1,Stable; pseudopotential not valid
6.4865436981871855e+24,0.0000000000000000e+00,True,True,1.5606034369784941e-01,3.2364602212935682e-02,5.0508309449949201e-03,3.2095489310454062e-01,False,1,Stable; pseudopotential not valid
6.8625414925734863e+24,0.0000000000000000e+00,True,True,1.6935970814468160e-01,3.4628735548552843e-02,5.8647125459222694e-03,3.4152561063529485e-01,False,1,Stable; pseudopotential not valid
7.2603343056880593e+24,0.0000000000000000e+00,True,True,1.8423985448206934e-01,3.7086887428394978e-02,6.8328827430003767e-03,3.6371257635844750e-01,False,1,Stable; pseudopotential not valid
7.6811855035623966e+24,0.0000000000000000e+00,True,True,2.0099155025116461e-01,3.9762995349674264e-02,7.9920260779608801e-03,3.8772130567392227e-01,False,1,Stable; pseudopotential not valid
8.1264316842701709e+24,0.0000000000000000e+00,True,True,2.1998911110511143e-01,4.2685905271457360e-02,9.3904343573848938e-03,4.1380638101070699e-01,False,1,Stable; pseudopotential not valid
8.5974869228822113e+24,0.0000000000000000e+00,True,True,2.4172619991577241e-01,4.5891066899523977e-02,1.1093073211702420e-02,4.4229086197849565e-01,False,1,Stable; pseudopotential not valid
9.0958472624838227e+24,0.0000000000000000e+00,True,True,2.6687351972461076e-01,4.9423142234429049e-02,1.3189727923952142e-02,4.7359700932167581e-01,False,1,Stable; pseudopotential not valid
9.6230954655175742e+24,0.0000000000000000e+00,True,True,2.9637706140792835e-01,5.3340246263105573e-02,1.5808825442234459e-02,5.0829764243427122e-01,False,1,Stable; pseudopotential not valid
1.0180906040541553e+25,0.0000000000000000e+00,True,True,3.3163762455438811e-01,5.7721343031410757e-02,1.9142569089026049e-02,5.4720819048631286e-01,False,1,Stable; pseudopotential not valid
1.0771050560367669e+25,0.0000000000000000e+00,True,True,3.7487102686550089e-01,6.2680407190223747e-02,2.3497068607746904e-02,5.9156772915853750e-01,False,1,Stable; pseudopotential not valid
1.1395403288470620e+25,0.0000000000000000e+00,True,True,4.2993248519960253e-01,6.8397336910325249e-02,2.9406237038890636e-02,6.4344470208104476e-01,False,1,Stable; pseudopotential not valid
1.2055947131535370e+25,0.0000000000000000e+00,True,True,5.0462613449801541e-01,7.5200458540070250e-02,3.7948116705553925e-02,7.0684848293650548e-01,False,1,Stable; pseudopotential not valid
1.2754779937049758e+25,0.0000000000000000e+00,True,True,6.2007318098358188e-01,8.3884262048310773e-02,5.2014381202756407e-02,7.9212769327022214e-01,False,1,Stable; pseudopotential not valid
1.3494121155941778e+25,3.2720423691706746e-02,False,False,nan,nan,nan,nan,False,0,Unstable
1.4276318891422134e+25,2.1662184354511649e-01,False,False,nan,nan,nan,nan,False,0,Unstable
1.5103857356418706e+25,3.0719178772273387e-01,False,False,nan,nan,nan,nan,False,0,Unstable
1.5979364763287284e+25,3.7869002021917447e-01,False,False,nan,nan,nan,nan,False,0,Unstable
1.6905621670855829e+25,4.4050914887713838e-01,False,False,nan,nan,nan,nan,False,0,Unstable
1.7885569815311789e+25,4.9627916088470186e-01,False,False,nan,nan,nan,nan,False,0,Unstable
1.8922321452979762e+25,5.4784442128131750e-01,False,False,nan,nan,nan,nan,False,0,Unstable
2.0019169244659395e+25,5.9628503543581479e-01,False,False,nan,nan,nan,nan,False,0,Unstable
2.1179596712918454e+25,6.4229100274902429e-01,False,False,nan,nan,nan,nan,False,0,Unstable
2.2407289305550713e+25,6.8632895271379446e-01,False,False,nan,nan,nan,nan,False,0,Unstable
2.3706146100336303e+25,7.2872653507924279e-01,False,False,nan,nan,nan,nan,False,0,Unstable
2.5080292188278064e+25,7.6971912465576142e-01,False,False,nan,nan,nan,nan,False,0,Unstable
2.6534091774642276e+25,8.0947740356455455e-01,False,False,nan,nan,nan,nan,False,0,Unstable
2.8072162039411929e+25,8.4822095060182556e-01,False,False,nan,nan,nan,nan,False,0,Unstable
2.9699387801172169e+25,8.8594645486545398e-01,False,False,nan,nan,nan,nan,False,0,Unstable
3.1420937031001094e+25,9.2270273668911540e-01,False,False,nan,nan,nan,nan,False,0,Unstable
3.3242277265633409e+25,9.5852232660842673e-01,False,False,nan,nan,nan,nan,False,0,Unstable
3.5169192972028952e+25,9.9341522145927619e-01,False,False,nan,nan,nan,nan,False,0,Unstable
3.7207803918491343e+25,1.0273702859431486e+00,False,False,nan,nan,nan,nan,False,0,Unstable
3.9364584610683799e+25,1.0603555132112421e+00,False,False,nan,nan,nan,nan,False,0,Unstable
4.1646384854269418e+25,1.0923172295225387e+00,False,False,nan,nan,nan,nan,False,0,Unstable
4.4060451509481640e+25,1.1231782061728794e+00,False,False,nan,nan,nan,nan,False,0,Unstable
4.6614451506716235e+25,1.1528345186485003e+00,False,False,nan,nan,nan,nan,False,0,Unstable
4.9316496196240299e+25,1.1811508433195166e+00,False,False,nan,nan,nan,nan,False,0,Unstable
5.2175167109354128e+25,1.2079536738077719e+00,False,False,nan,nan,nan,nan,False,0,Unstable
5.5199543212815734e+25,1.2330216221581305e+00,False,False,nan,nan,nan,nan,False,0,Unstable
5.8399229743094337e+25,1.2560714562259265e+00,False,False,nan,nan,nan,nan,False,0,Unstable
6.1784388712022930e+25,1.2767376495429976e+00,False,False,nan,nan,nan,nan,False,0,Unstable
6.5365771180736178e+25,1.2945416564974161e+00,False,False,nan,nan,nan,nan,False,0,Unstable
6.9154751404393469e+25,1.3088441869289562e+00,False,False,nan,nan,nan,nan,False,0,Unstable
7.3163362956128747e+25,1.3187678991656426e+00,False,False,nan,nan,nan,nan,False,0,Unstable
7.7404336944953775e+25,1.3230654262419275e+00,False,False,nan,nan,nan,nan,False,0,Unstable
8.1891142448996669e+25,1.3198785631046486e+00,False,False,nan,nan,nan,nan,False,0,Unstable
8.6638029292479581e+25,1.3062590069374982e+00,False,False,nan,nan,nan,nan,False,0,Unstable
9.1660073302305186e+25,1.2770949656822126e+00,False,False,nan,nan,nan,nan,False,0,Unstable
9.6973224187974887e+25,1.2222562395076133e+00,False,False,nan,nan,nan,nan,False,0,Unstable
1.0259435619690631e+26,1.1165358410437090e+00,False,False,nan,nan,nan,nan,False,0,Unstable
1.0854132170602725e+26,8.5469902803928588e-01,False,False,nan,nan,nan,nan,False,0,Unstable
1.1483300791985048e+26,7.8836462446241151e-01,False,False,nan,nan,nan,nan,False,0,Unstable
1.2148939685509833e+26,1.2183267397483009e+00,False,False,nan,nan,nan,nan,False,0,Unstable
1.2853162880238411e+26,1.4325734720288739e+00,False,False,nan,nan,nan,nan,False,0,Unstable
1.3598206946650675e+26,1.5868041014118195e+00,False,False,nan,nan,nan,nan,False,0,Unstable
1.4386438099857708e+26,1.7116027785741674e+00,False,False,nan,nan,nan,nan,False,0,Unstable
1.5220359714558939e+26,1.8183394345125281e+00,False,False,nan,nan,nan,nan,False,0,Unstable
1.6102620275609427e+26,1.9128298693339820e+00,False,False,nan,nan,nan,nan,False,0,Unstable
1.7036021789448336e+26,1.9974630166321203e+00,False,False,nan,nan,nan,nan,False,0,Unstable
1.8023528683102760e+26,2.0736247631606850e+00,False,False,nan,nan,nan,nan,False,0,Unstable
1.9068277219029500e+26,2.1420145136500133e+00,False,False,nan,nan,nan,nan,False,0,Unstable
2.0173585455695883e+26,2.2027183076842554e+00,False,False,nan,nan,nan,nan,False,0,Unstable
2.1342963785533554e+26,2.2552515236938193e+00,False,False,nan,nan,nan,nan,False,0,Unstable
2.2580126083734250e+26,2.2984570349991063e+00,False,False,nan,nan,nan,nan,False,0,Unstable
2.3889001503292847e+26,2.3301992490836989e+00,False,False,nan,nan,nan,nan,False,0,Unstable
2.5273746953761448e+26,2.3466390306913709e+00,False,False,nan,nan,nan,nan,False,0,Unstable
2.6738760303343755e+26,2.3403980332180105e+00,False,False,nan,nan,nan,nan,False,0,Unstable
2.8288694346259783e+26,2.2948755848263112e+00,False,False,nan,nan,nan,nan,False,0,Unstable
2.9928471579740241e+26,2.1578038811259761e+00,False,False,nan,nan,nan,nan,False,0,Unstable
3.1663299837581473e+26,1.0524659664322487e+00,False,False,nan,nan,nan,nan,False,0,Unstable
3.3498688829912124e+26,2.3031782236549256e+00,False,False,nan,nan,nan,nan,False,0,Unstable
3.5440467641700606e+26,2.5908057297907261e+00,False,False,nan,nan,nan,nan,False,0,Unstable
3.7494803245579233e+26,2.7845584296452102e+00,False,False,nan,nan,nan,nan,False,0,Unstable
3.9668220087776445e+26,2.9370773624501005e+00,False,False,nan,nan,nan,nan,False,0,Unstable
4.1967620809366421e+26,3.0633333191815275e+00,False,False,nan,nan,nan,nan,False,0,Unstable
4.4400308168641406e+26,3.1685684060926826e+00,False,False,nan,nan,nan,nan,False,0,Unstable
4.6974008234232479e+26,3.2542824640498056e+00,False,False,nan,nan,nan,nan,False,0,Unstable
4.9696894922638516e+26,3.3186877021524368e+00,False,False,nan,nan,nan,nan,False,0,Unstable
5.2577615958093019e+26,3.3556602218382863e+00,False,False,nan,nan,nan,nan,False,0,Unstable
5.5625320337215268e+26,3.3495233601308252e+00,False,False,nan,nan,nan,nan,False,0,Unstable
5.8849687385674790e+26,3.2496260334580755e+00,False,False,nan,nan,nan,nan,False,0,Unstable
6.2260957499144363e+26,2.3396895940288980e+00,False,False,nan,nan,nan,nan,False,0,Unstable
6.5869964666182089e+26,3.4394211241289248e+00,False,False,nan,nan,nan,nan,False,0,Unstable
6.9688170876326560e+26,3.7511652830853293e+00,False,False,nan,nan,nan,nan,False,0,Unstable
7.3727702522685659e+26,3.9627073799883399e+00,False,False,nan,nan,nan,nan,False,0,Unstable
7.8001388914631289e+26,4.1247358352549988e+00,False,False,nan,nan,nan,nan,False,0,Unstable
8.2522803022913690e+26,4.2488142442670398e+00,False,False,nan,nan,nan,nan,False,0,Unstable
8.7306304586599584e+26,4.3346394500176482e+00,False,False,nan,nan,nan,nan,False,0,Unstable
9.2367085718738463e+26,4.3685881944182556e+00,False,False,nan,nan,nan,nan,False,0,Unstable
9.7721219155602120e+26,4.2975442591063819e+00,False,False,nan,nan,nan,nan,False,0,Unstable
1.0338570930272329e+27,3.4773131830427269e+00,False,False,nan,nan,nan,nan,False,0,Unstable
1.0937854623986701e+27,4.5721114851945392e+00,False,False,nan,nan,nan,nan,False,0,Unstable
1.1571876285644046e+27,4.8942472940767328e+00,False,False,nan,nan,nan,nan,False,0,Unstable
1.2242649529880409e+27,5.1135445706506433e+00,False,False,nan,nan,nan,nan,False,0,Unstable
1.2952304692146052e+27,5.2690885265607399e+00,False,False,nan,nan,nan,nan,False,0,Unstable
1.3703095594522615e+27,5.3619007275037758e+00,False,False,nan,nan,nan,nan,False,0,Unstable
1.4497406703726405e+27,5.3533338359277112e+00,False,False,nan,nan,nan,nan,False,0,Unstable
1.5337760704031020e+27,4.8406860527086142e+00,False,False,nan,nan,nan,nan,False,0,Unstable
1.6226826509161281e+27,5.6022594551562142e+00,False,False,nan,nan,nan,nan,False,0,Unstable
1.7167427738601830e+27,5.9668890081103809e+00,False,False,nan,nan,nan,nan,False,0,Unstable
1.8162551685243154e+27,6.2008828373763558e+00,False,False,nan,nan,nan,nan,False,0,Unstable
1.9215358802843887e+27,6.3459944480274864e+00,False,False,nan,nan,nan,nan,False,0,Unstable
2.0329192743441702e+27,6.3709546369577286e+00,False,False,nan,nan,nan,nan,False,0,Unstable
2.1507590976590957e+27,5.7059557755764150e+00,False,False,nan,nan,nan,nan,False,0,Unstable
2.2754296024153061e+27,6.7119330376431909e+00,False,False,nan,nan,nan,nan,False,0,Unstable
2.4073267346320652e+27,7.0788954901123855e+00,False,False,nan,nan,nan,nan,False,0,Unstable
2.5468693916624647e+27,7.3009932151508750e+00,False,False,nan,nan,nan,nan,False,0,Unstable
2.6945007525862856e+27,7.3882182143903954e+00,False,False,nan,nan,nan,nan,False,0,Unstable
2.8506896857199610e+27,6.9905859530493908e+00,False,False,nan,nan,nan,nan,False,0,Unstable
3.0159322377142067e+27,7.7393452122749427e+00,False,False,nan,nan,nan,nan,False,0,Unstable
3.1907532089683079e+27,8.1365948199237792e+00,False,False,nan,nan,nan,nan,False,0,Unstable
3.3757078203645995e+27,8.3539965330158861e+00,False,False,nan,nan,nan,nan,False,0,Unstable
3.5713834766165706e+27,8.3461530166244025e+00,False,False,nan,nan,nan,nan,False,0,Unstable
3.7784016318308793e+27,8.4880335191636025e+00,False,False,nan,nan,nan,nan,False,0,Unstable
3.9974197632081563e+27,9.0584039137119117e+00,False,False,nan,nan,nan,nan,False,0,Unstable
4.2291334591511521e+27,9.3393115793918184e+00,False,False,nan,nan,nan,nan,False,0,Unstable
4.4742786284114438e+27,9.3556343071039496e+00,False,False,nan,nan,nan,nan,False,0,Unstable
4.7336338372914646e+27,9.5834166982143110e+00,False,False,nan,nan,nan,nan,False,0,Unstable
5.0080227823241840e+27,1.0141993605414235e+01,False,False,nan,nan,nan,nan,False,0,Unstable
5.2983169062837236e+27,1.0390766415347310e+01,False,False,nan,nan,nan,nan,False,0,Unstable
5.6054381658351515e+27,9.9940878783596467e+00,False,False,nan,nan,nan,nan,False,0,Unstable
5.9303619596133620e+27,1.0943118622287622e+01,False,False,nan,nan,nan,nan,False,0,Unstable
6.2741202260304289e+27,1.1336570658799594e+01,False,False,nan,nan,nan,nan,False,0,Unstable
6.6378047206498384e+27,1.1313767002238469e+01,False,False,nan,nan,nan,nan,False,0,Unstable
7.0225704835366589e+27,1.1846589971831770e+01,False,False,nan,nan,nan,nan,False,0,Unstable
7.4296395075949495e+27,1.2322952566135676e+01,False,False,nan,nan,nan,nan,False,0,Unstable
7.8603046195438852e+27,1.2310853617197795e+01,False,False,nan,nan,nan,nan,False,0,Unstable
8.3159335858575421e+27,1.2919235701042416e+01,False,False,nan,nan,nan,nan,False,0,Unstable
8.7979734567089038e+27,1.3374277778079223e+01,False,False,nan,nan,nan,nan,False,0,Unstable
9.3079551617141072e+27,1.2695649809279818e+01,False,False,nan,nan,nan,nan,False,0,Unstable
9.8474983720727609e+27,1.4133853919380064e+01,False,False,nan,nan,nan,nan,False,0,Unstable
1.0418316644546188e+28,1.4425044748602625e+01,False,False,nan,nan,nan,nan,False,0,Unstable
1.1022222863610468e+28,1.4775374210113641e+01,False,False,nan,nan,nan,nan,False,0,Unstable
1.1661134999068776e+28,1.5373632573907896e+01,False,False,nan,nan,nan,nan,False,0,Unstable
1.2337082197407513e+28,1.5200229911700266e+01,False,False,nan,nan,nan,nan,False,0,Unstable
1.3052211226243751e+28,1.6267203828715349e+01,False,False,nan,nan,nan,nan,False,0,Unstable
1.3808793292329891e+28,1.6246067816168868e+01,False,False,nan,nan,nan,nan,False,0,Unstable
1.4609231254769611e+28,1.7182316637467984e+01,False,False,nan,nan,nan,nan,False,0,Unstable
1.5456067256353747e+28,1.7362567112841827e+01,False,False,nan,nan,nan,nan,False,0,Unstable
1.6351990797252784e+28,1.8159080139636146e+01,False,False,nan,nan,nan,nan,False,0,Unstable
1.7299847276707528e+28,1.8355559738874021e+01,False,False,nan,nan,nan,nan,False,0,Unstable
1.8302647029845670e+28,1.9212722209829426e+01,False,False,nan,nan,nan,nan,False,0,Unstable
1.9363574888325563e+28,1.9147866449740004e+01,False,False,nan,nan,nan,nan,False,0,Unstable
2.0486000295168998e+28,2.0326041342836646e+01,False,False,nan,nan,nan,nan,False,0,Unstable
2.1673488005910004e+28,2.0522455124181512e+01,False,False,nan,nan,nan,nan,False,0,Unstable
2.2929809410043732e+28,2.1444044712415391e+01,False,False,nan,nan,nan,nan,False,0,Unstable
2.4258954508732498e+28,2.2012882997254611e+01,False,False,nan,nan,nan,nan,False,0,Unstable
2.5665144586809291e+28,2.2360753151660770e+01,False,False,nan,nan,nan,nan,False,0,Unstable
2.7152845619324371e+28,2.3360543426133567e+01,False,False,nan,nan,nan,nan,False,0,Unstable
2.8726782455212944e+28,2.3902053353328828e+01,False,False,nan,nan,nan,nan,False,0,Unstable
3.0391953823131947e+28,2.4535997438485953e+01,False,False,nan,nan,nan,nan,False,0,Unstable
3.2153648207120025e+28,2.5383067745710694e+01,False,False,nan,nan,nan,nan,False,0,Unstable
3.4017460642505413e+28,2.6879852707482947e+01,False,False,nan,nan,nan,nan,False,0,Unstable
3.5989310485401148e+28,2.8322520525559465e+01,False,False,nan,nan,nan,nan,False,0,Unstable
3.8075460212223835e+28,2.9856767756066585e+01,False,False,nan,nan,nan,nan,False,0,Unstable
4.0282535308941780e+28,3.1434489929678080e+01,False,False,nan,nan,nan,nan,False,0,Unstable
4.2617545313219649e+28,3.3056517675243263e+01,False,False,nan,nan,nan,nan,False,0,Unstable
4.5087906076288209e+28,3.4724606758161762e+01,False,False,nan,nan,nan,nan,False,0,Unstable
4.7701463315241046e+28,3.6440017192480198e+01,False,False,nan,nan,nan,nan,False,0,Unstable
5.0466517530561432e+28,3.8204105037459776e+01,False,False,nan,nan,nan,nan,False,0,Unstable
5.3391850368009921e+28,4.0018261125881473e+01,False,False,nan,nan,nan,nan,False,0,Unstable
5.6486752508604245e+28,4.1883916197813235e+01,False,False,nan,nan,nan,nan,False,0,Unstable
5.9761053175262657e+28,4.3802541875525648e+01,False,False,nan,nan,nan,nan,False,0,Unstable
6.3225151349824292e+28,4.5775651832878445e+01,False,False,nan,nan,nan,nan,False,0,Unstable
6.6890048799589618e+28,4.7804802998307963e+01,False,False,nan,nan,nan,nan,False,0,Unstable
7.0767385018271127e+28,4.9891596789762495e+01,False,False,nan,nan,nan,nan,False,0,Unstable
7.4869474192324854e+28,5.2037680386953788e+01,False,False,nan,nan,nan,nan,False,0,Unstable
7.9209344310064695e+28,5.4244748037010375e+01,False,False,nan,nan,nan,nan,False,0,Unstable
8.3800778537771711e+28,5.6514542402569290e+01,False,False,nan,nan,nan,nan,False,0,Unstable
8.8658358994196848e+28,5.8848855942370726e+01,False,False,nan,nan,nan,nan,False,0,Unstable
9.3797513062494905e+28,6.1249532332564584e+01,False,False,nan,nan,nan,nan,False,0,Unstable
9.9234562386664263e+28,6.3718467939891411e+01,False,False,nan,nan,nan,nan,False,0,Unstable
1.0498677470810576e+29,6.6257613314963010e+01,False,False,nan,nan,nan,nan,False,0,Unstable
1.1107241870693018e+29,6.8868974746348215e+01,False,False,nan,nan,nan,nan,False,0,Unstable
1.1751082202218655e+29,7.1554615856494138e+01,False,False,nan,nan,nan,nan,False,0,Unstable
1.2432243263528056e+29,7.4316659228291783e+01,False,False,nan,nan,nan,nan,False,0,Unstable
1.3152888381153163e+29,7.7157288105377731e+01,False,False,nan,nan,nan,nan,False,0,Unstable
1.3915306280612570e+29,8.0078748113647009e+01,False,False,nan,nan,nan,nan,False,0,Unstable
1.4721918355265390e+29,8.3083349052263131e+01,False,False,nan,nan,nan,nan,False,0,Unstable
1.5575286356511234e+29,8.6173466720421899e+01,False,False,nan,nan,nan,nan,False,0,Unstable
1.6478120529758354e+29,8.9351544806491532e+01,False,False,nan,nan,nan,nan,False,0,Unstable
1.7433288221999943e+29,9.2620096827189428e+01,False,False,nan,nan,nan,nan,False,0,Unstable
1.8443822988335605e+29,9.5981708123401191e+01,False,False,nan,nan,nan,nan,False,0,Unstable
1.9512934226359742e+29,9.9439037913693568e+01,False,False,nan,nan,nan,nan,False,0,Unstable
2.0644017369015002e+29,1.0299482140296233e+02,False,False,nan,nan,nan,nan,False,0,Unstable
2.1840664668283575e+29,1.0665187195486477e+02,False,False,nan,nan,nan,nan,False,0,Unstable
2.3106676603962309e+29,1.1041308332629931e+02,False,False,nan,nan,nan,nan,False,0,Unstable
2.4446073953758435e+29,1.1428143196269774e+02,False,False,nan,nan,nan,nan,False,0,Unstable
2.5863110563037391e+29,1.1825997936002891e+02,False,False,nan,nan,nan,nan,False,0,Unstable
2.7362286854779675e+29,1.2235187449691232e+02,False,False,nan,nan,nan,nan,False,0,Unstable
2.8948364122653355e+29,1.2656035633846295e+02,False,False,nan,nan,nan,nan,False,0,Unstable
3.0626379652596171e+29,1.3088875640155683e+02,False,False,nan,nan,nan,nan,False,0,Unstable
3.2401662720932493e+29,1.3534050140011220e+02,False,False,nan,nan,nan,nan,False,0,Unstable
3.4279851519833861e+29,1.3991911596629311e+02,False,False,nan,nan,nan,nan,False,0,Unstable
3.6266911063879098e+29,1.4462822544863113e+02,False,False,nan,nan,nan,nan,False,0,Unstable
3.8369152134579921e+29,1.4947155879381853e+02,False,False,nan,nan,nan,nan,False,0,Unstable
4.0593251323044267e+29,1.5445295149687962e+02,False,False,nan,nan,nan,nan,False,0,Unstable
4.2946272234427526e+29,1.5957634865382175e+02,False,False,nan,nan,nan,nan,False,0,Unstable
4.5435687921517346e+29,1.6484580809600837e+02,False,False,nan,nan,nan,nan,False,0,Unstable
4.8069404618699509e+29,1.7026550360599452e+02,False,False,nan,nan,nan,nan,False,0,Unstable
5.0855786851682478e+29,1.7583972822957639e+02,False,False,nan,nan,nan,nan,False,0,Unstable
5.3803684002727534e+29,1.8157289768638597e+02,False,False,nan,nan,nan,nan,False,0,Unstable
5.6922458415753816e+29,1.8746955387869900e+02,False,False,nan,nan,nan,nan,False,0,Unstable
6.0222015130580858e+29,1.9353436849320957e+02,False,False,nan,nan,nan,nan,False,0,Unstable
6.3712833340736210e+29,1.9977214671004359e+02,False,False,nan,nan,nan,nan,False,0,Unstable
6.7405999674745077e+29,2.0618783101286317e+02,False,False,nan,nan,nan,nan,False,0,Unstable
7.1313243406594876e+29,2.1278650512296571e+02,False,False,nan,nan,nan,nan,False,0,Unstable
7.5446973707203313e+29,2.1957339801961831e+02,False,False,nan,nan,nan,nan,False,0,Unstable
7.9820319055198419e+29,2.2655388811001836e+02,False,False,nan,nan,nan,nan,False,0,Unstable
8.4447168932176446e+29,2.3373350748151512e+02,False,False,nan,nan,nan,nan,False,0,Unstable
8.9342217934859377e+29,2.4111794630279297e+02,False,False,nan,nan,nan,nan,False,0,Unstable
9.4521012444248946e+29,2.4871305734376296e+02,False,False,nan,nan,nan,nan,False,0,Unstable
9.9999999999999988e+29,2.5652486061761550e+02,False,False,nan,nan,nan,nan,False,0,Unstable
